번호,서비스ID,서비스명,소관부처,신청수혜주체,검토분류,조건관계요약,사회조사관련관측,부족정보,정정및주의,원문확인사항,실행식상태,공식자료보완요약,공식자료출처,공식자료URL,원문기준연도,현재추천목록포함,근거구절,복지로링크,검토범위
1,WLF00001175,자립준비청년 자립수당 지급,보건복지부 청년정책팀,본인,추가정보·세부조건 확인 필요,보호종료5년이내 AND 연속보호2년 AND (18세이후종료 OR 15세이후조기종료특례 OR 심의예외),연령,가입·이용·사건 이력; 정확한 기준시점·기간; 기관 판단·상세 공고,현재 청년나이만으로 보호종료 이력을 대체하지 않음,,요약구조화; 완전 실행식 미작성,,,,2026.0,False,보호종료 5년 이내,https://www.bokjiro.go.kr/ssis-tbu/twataa/wlfareInfo/moveTWAT52011M.do?wlfareInfoId=WLF00001175&wlfareInfoReldBztpCd=01,수집된 원문의 조건 검토; 최신공고·완전실행식·실제선정 정답 검증은 아님
2,WLF00003271,내집마련 디딤돌 대출,국토교통부 주택기금과,가구,추가정보·세부조건 확인 필요,무주택세대주 AND 순자산5.11억원이하 AND 유형별 부부합산 연소득상한,가구소득구간; 가구 규모·점유형태; 가구주관계·혼인·일부 자녀 응답,정책 기준 소득; 재산·주택·채무·신용; 가족·자녀·임신출산·양육,일반6000만원·최초/2자녀7000만원·신혼8500만원·출산1.3억/맞벌이2억원 분리,,요약구조화; 완전 실행식 미작성,,,,2026.0,False,순자산가액,https://www.bokjiro.go.kr/ssis-tbu/twataa/wlfareInfo/moveTWAT52011M.do?wlfareInfoId=WLF00003271&wlfareInfoReldBztpCd=01,수집된 원문의 조건 검토; 최신공고·완전실행식·실제선정 정답 검증은 아님
3,WLF00001114,이주배경 청소년 지원,성평등가족부 학교밖청소년지원과,본인,추가정보·세부조건 확인 필요,다문화가족청소년 OR 탈북청소년 OR 중도입국청소년 등,연령; 현재 국적,이주배경·체류·특별신분,국적만으로 다문화·탈북·중도입국을 판정하지 않음,,요약구조화; 완전 실행식 미작성,,,,2026.0,False,이주배경청소년,https://www.bokjiro.go.kr/ssis-tbu/twataa/wlfareInfo/moveTWAT52011M.do?wlfareInfoId=WLF00001114&wlfareInfoReldBztpCd=01,수집된 원문의 조건 검토; 최신공고·완전실행식·실제선정 정답 검증은 아님
4,WLF00003282,다문화가족 자녀 언어발달지원서비스,성평등가족부 다문화가족과,자녀,추가정보·세부조건 확인 필요,언어평가/교육필요 AND 다문화자녀 AND (12세이하 OR 초등재학),연령; 학교급·재학상태; 가구주관계·혼인·일부 자녀 응답,이주배경·체류·특별신분; 가족·자녀·임신출산·양육; 의료·피해·필요성·의사,수급·52%소득·가족유형은 우선순위이며 일괄 필수조건 아님,,요약구조화; 완전 실행식 미작성,,,,2026.0,False,언어평가 및 언어교육,https://www.bokjiro.go.kr/ssis-tbu/twataa/wlfareInfo/moveTWAT52011M.do?wlfareInfoId=WLF00003282&wlfareInfoReldBztpCd=01,수집된 원문의 조건 검토; 최신공고·완전실행식·실제선정 정답 검증은 아님
5,WLF00003262,장애아가족양육지원,보건복지부 장애인서비스과,자녀·가구,추가정보·세부조건 확인 필요,18세미만 중증등록장애아동 양육 AND NOT 유사돌봄중복,연령; 장애인복지카드 소유 응답; 가구주관계·혼인·일부 자녀 응답,장애 유형·정도·법정 판정; 가족·자녀·임신출산·양육; 가입·이용·사건 이력,120%초과는 일괄 탈락이 아니라 본인부담40%; 선정후18세 예외,,요약구조화; 완전 실행식 미작성,,,,2026.0,False,소득 초과 가정,https://www.bokjiro.go.kr/ssis-tbu/twataa/wlfareInfo/moveTWAT52011M.do?wlfareInfoId=WLF00003262&wlfareInfoReldBztpCd=01,수집된 원문의 조건 검토; 최신공고·완전실행식·실제선정 정답 검증은 아님
6,WLF00005567,정신건강 심리상담 바우처사업,보건복지부 자살예방정책과,본인,추가정보·세부조건 확인 필요,심리상담필요 AND (기관의뢰 OR 의료기관소견 OR PHQ9>=10 OR 보호아동자격 OR 의원연계 OR 재난피해경로),직접대응 없음,의료·피해·필요성·의사; 가입·이용·사건 이력; 기관 판단·상세 공고; 정확한 기준시점·기간,의뢰3개월·검진1년·피해5년을 경로별로 유지,,요약구조화; 완전 실행식 미작성,,,,2026.0,False,아래 기준 중 하나,https://www.bokjiro.go.kr/ssis-tbu/twataa/wlfareInfo/moveTWAT52011M.do?wlfareInfoId=WLF00005567&wlfareInfoReldBztpCd=01,수집된 원문의 조건 검토; 최신공고·완전실행식·실제선정 정답 검증은 아님
7,WLF00006196,자활성공지원금 지급·관리,보건복지부 자활정책과,본인,추가정보·세부조건 확인 필요,자활참여이력 AND 민간취창업 AND 생계급여탈수급 AND 6개월/1년경과,조사주간 경제활동·직업,법정 급여·보호 자격; 가입·이용·사건 이력; 정확한 기준시점·기간,재직 여부만으로 자활·탈수급·기간을 대체하지 않음,,요약구조화; 완전 실행식 미작성,,,,2026.0,False,모두 충족시,https://www.bokjiro.go.kr/ssis-tbu/twataa/wlfareInfo/moveTWAT52011M.do?wlfareInfoId=WLF00006196&wlfareInfoReldBztpCd=01,수집된 원문의 조건 검토; 최신공고·완전실행식·실제선정 정답 검증은 아님
8,WLF00005411,일상돌봄 서비스 사업,보건복지부 사회서비스사업과,본인·돌봄가족,추가정보·세부조건 확인 필요,청중장년13~64 AND 돌봄필요 AND 가족돌봄불가 / 가족돌봄청년9~39 AND 동거가족돌봄필요 AND 직접돌봄또는부양경제활동,연령; 조사주간 경제활동·직업; 가구 규모·점유형태; 가구주관계·혼인·일부 자녀 응답,의료·피해·필요성·의사; 가족·자녀·임신출산·양육; 기관 판단·상세 공고,두 경로를 OR로 유지하고 각 경로 내부는 AND,,요약구조화; 완전 실행식 미작성,,,,2026.0,False,위 세가지 조건을 모두,https://www.bokjiro.go.kr/ssis-tbu/twataa/wlfareInfo/moveTWAT52011M.do?wlfareInfoId=WLF00005411&wlfareInfoReldBztpCd=01,수집된 원문의 조건 검토; 최신공고·완전실행식·실제선정 정답 검증은 아님
9,WLF00004661,청년월세 지원사업,국토교통부 청년주거정책과,본인·청년가구·원가구,추가정보·세부조건 확인 필요,19~34 독립무주택청년 AND 청년가구60%/재산1.22억 AND (원가구100%/재산4.7억 OR 원가구심사면제) AND NOT 제외사유,연령; 가구소득구간; 가구 규모·점유형태; 가구주관계·혼인·일부 자녀 응답,정책 기준 소득; 재산·주택·채무·신용; 가족·자녀·임신출산·양육; 가입·이용·사건 이력; 정확한 기준시점·기간; 기관 판단·상세 공고,임대관계·공공임대·중복수혜·신청기간·정원 별도; 최대소득100%로 합치지 않음,,요약구조화; 완전 실행식 미작성,,,,2026.0,False,원가구 소득 미고려,https://www.bokjiro.go.kr/ssis-tbu/twataa/wlfareInfo/moveTWAT52011M.do?wlfareInfoId=WLF00004661&wlfareInfoReldBztpCd=01,수집된 원문의 조건 검토; 최신공고·완전실행식·실제선정 정답 검증은 아님
10,WLF00004657,부모급여 지원,보건복지부 아동정책과,자녀,추가정보·세부조건 확인 필요,0~23개월 AND 아동국적/난민/특별기여경로 AND 주민등록/전산번호/출생등록예외,가구주관계·혼인·일부 자녀 응답,가족·자녀·임신출산·양육; 이주배경·체류·특별신분; 정확한 기준시점·기간,부모 연령·국적 대입 금지; 수집본문 출생연도 기준 별도,,요약구조화; 완전 실행식 미작성,,,,2026.0,False,부모가 모두 외국인이라도,https://www.bokjiro.go.kr/ssis-tbu/twataa/wlfareInfo/moveTWAT52011M.do?wlfareInfoId=WLF00004657&wlfareInfoReldBztpCd=01,수집된 원문의 조건 검토; 최신공고·완전실행식·실제선정 정답 검증은 아님
11,WLF00004656,첫만남이용권,보건복지부 출산정책과,자녀,추가정보·세부조건 확인 필요,2024년이후출생 AND 출생신고·정상주민번호 AND 생년월일부터2년미초과,가구주관계·혼인·일부 자녀 응답,가족·자녀·임신출산·양육; 정확한 기준시점·기간,만13세이상 응답자의 나이를 신생아 나이로 대체하지 않음,,요약구조화; 완전 실행식 미작성,,,,2026.0,False,출생신고되어,https://www.bokjiro.go.kr/ssis-tbu/twataa/wlfareInfo/moveTWAT52011M.do?wlfareInfoId=WLF00004656&wlfareInfoReldBztpCd=01,수집된 원문의 조건 검토; 최신공고·완전실행식·실제선정 정답 검증은 아님
12,WLF00001188,산모·신생아 건강관리 지원사업,보건복지부 출산정책과,산모·배우자·신생아,추가정보·세부조건 확인 필요,국내등록출산가정 AND (수급/차상위 OR 건보료150% OR 지자체예외),현재 국적; 가구소득구간; 가구주관계·혼인·일부 자녀 응답,가족·자녀·임신출산·양육; 이주배경·체류·특별신분; 법정 급여·보호 자격; 정책 기준 소득; 기관 판단·상세 공고,부부외국인 비자F2/F5/F6; 150%를 모든 경로의 절대상한으로 쓰지 않음,,요약구조화; 완전 실행식 미작성,,,,2026.0,False,별도의 기준,https://www.bokjiro.go.kr/ssis-tbu/twataa/wlfareInfo/moveTWAT52011M.do?wlfareInfoId=WLF00001188&wlfareInfoReldBztpCd=01,수집된 원문의 조건 검토; 최신공고·완전실행식·실제선정 정답 검증은 아님
13,WLF00001178,청소년 발달장애인 방과후활동서비스,보건복지부 장애인서비스과,본인,추가정보·세부조건 확인 필요,등록지적/자폐장애 AND (6~17세 OR 18세이상재학생선택경로) AND 중복이용금지,연령; 학교급·재학상태; 장애인복지카드 소유 응답,장애 유형·정도·법정 판정; 가입·이용·사건 이력; 정확한 기준시점·기간,18세를 정책 전체 상한으로 만들지 않음,,요약구조화; 완전 실행식 미작성,,,,2026.0,False,만 18세 이상의 재학생,https://www.bokjiro.go.kr/ssis-tbu/twataa/wlfareInfo/moveTWAT52011M.do?wlfareInfoId=WLF00001178&wlfareInfoReldBztpCd=01,수집된 원문의 조건 검토; 최신공고·완전실행식·실제선정 정답 검증은 아님
14,WLF00001171,아동수당 지급,보건복지부 아동정책과,자녀,추가정보·세부조건 확인 필요,9세미만 AND 아동국적/난민/특별기여 AND 주민번호/전산번호·거주예외,가구주관계·혼인·일부 자녀 응답,가족·자녀·임신출산·양육; 이주배경·체류·특별신분; 정확한 기준시점·기간,수집 원문의9세 기준을 보존; 최신 시행기준 확인 전 임의8세로 수정 금지,,요약구조화; 완전 실행식 미작성,,,,2026.0,False,만 9세미만,https://www.bokjiro.go.kr/ssis-tbu/twataa/wlfareInfo/moveTWAT52011M.do?wlfareInfoId=WLF00001171&wlfareInfoReldBztpCd=01,수집된 원문의 조건 검토; 최신공고·완전실행식·실제선정 정답 검증은 아님
15,WLF00001140,방과후보육료지원,교육부 교육보육과정지원과,아동,추가정보·세부조건 확인 필요,12세이하 초등취학 AND (법정저소득경로 OR 장애경로) AND 어린이집방과후4시간이상,장애인복지카드 소유 응답; 가구주관계·혼인·일부 자녀 응답,법정 급여·보호 자격; 장애 유형·정도·법정 판정; 가족·자녀·임신출산·양육; 가입·이용·사건 이력,시설동반자녀 등 저소득 인정경로 보존; 방학8시간은 추가지원,,요약구조화; 완전 실행식 미작성,,,,2026.0,False,일일 4시간 이상,https://www.bokjiro.go.kr/ssis-tbu/twataa/wlfareInfo/moveTWAT52011M.do?wlfareInfoId=WLF00001140&wlfareInfoReldBztpCd=01,수집된 원문의 조건 검토; 최신공고·완전실행식·실제선정 정답 검증은 아님
16,WLF00001135,해산급여,보건복지부 기초생활보장과,본인,추가정보·세부조건 확인 필요,생계/의료/주거급여 중 하나 AND 출산 또는 출산예정,가구주관계·혼인·일부 자녀 응답,법정 급여·보호 자격; 가족·자녀·임신출산·양육,교육급여만 수급하는 경우와 구분,,요약구조화; 완전 실행식 미작성,,,,2026.0,False,출산예정 포함,https://www.bokjiro.go.kr/ssis-tbu/twataa/wlfareInfo/moveTWAT52011M.do?wlfareInfoId=WLF00001135&wlfareInfoReldBztpCd=01,수집된 원문의 조건 검토; 최신공고·완전실행식·실제선정 정답 검증은 아님
17,WLF00001109,청소년한부모 아동양육 및 자립지원,성평등가족부 가족지원과,부모·가구,추가정보·세부조건 확인 필요,양육부모24세이하 AND 한부모 AND 소득65%이하,연령; 가구소득구간; 가구주관계·혼인·일부 자녀 응답,가족·자녀·임신출산·양육; 법정 급여·보호 자격; 정책 기준 소득,증명서72%와 급여65% 구분,,요약구조화; 완전 실행식 미작성,,,,2026.0,False,72% 이하(비급여),https://www.bokjiro.go.kr/ssis-tbu/twataa/wlfareInfo/moveTWAT52011M.do?wlfareInfoId=WLF00001109&wlfareInfoReldBztpCd=01,수집된 원문의 조건 검토; 최신공고·완전실행식·실제선정 정답 검증은 아님
18,WLF00001104,한부모가족자녀 교육비 지원,교육부 학생지원총괄과,자녀·가구,추가정보·세부조건 확인 필요,초중고재학 AND 법정한부모보호대상 AND 소득인정액63%이하,학교급·재학상태; 가구소득구간; 가구주관계·혼인·일부 자녀 응답,법정 급여·보호 자격; 가족·자녀·임신출산·양육; 정책 기준 소득,단순 가구원2명 또는 사별·이혼만으로 법정한부모 생성 금지,,요약구조화; 완전 실행식 미작성,,,,2026.0,False,소득인정액,https://www.bokjiro.go.kr/ssis-tbu/twataa/wlfareInfo/moveTWAT52011M.do?wlfareInfoId=WLF00001104&wlfareInfoReldBztpCd=01,수집된 원문의 조건 검토; 최신공고·완전실행식·실제선정 정답 검증은 아님
19,WLF00001103,초중고 교육비 지원사업(고교학비 지원),교육부 학생지원총괄과,학생·가구,추가정보·세부조건 확인 필요,초중고학생 AND (저소득자격 OR 교육청소득기준 OR 학교장추천 OR 난민추천) AND NOT 타학비중복등,학교급·재학상태; 가구소득구간,법정 급여·보호 자격; 정책 기준 소득; 기관 판단·상세 공고; 이주배경·체류·특별신분; 가입·이용·사건 이력,교육청별 지원범위·소득기준; 부모 직장학비 보조는 제외조건,,요약구조화; 완전 실행식 미작성,,,,2026.0,False,학교장 추천,https://www.bokjiro.go.kr/ssis-tbu/twataa/wlfareInfo/moveTWAT52011M.do?wlfareInfoId=WLF00001103&wlfareInfoReldBztpCd=01,수집된 원문의 조건 검토; 최신공고·완전실행식·실제선정 정답 검증은 아님
20,WLF00001089,교육급여(맞춤형 급여),교육부 학생지원총괄과,학생·가구,추가정보·세부조건 확인 필요,해당학교입학/재학 AND 교육급여수급/소득인정액50%경로 또는 의사상자자녀 법정경로,학교급·재학상태; 가구소득구간; 가구주관계·혼인·일부 자녀 응답,법정 급여·보호 자격; 정책 기준 소득; 가족·자녀·임신출산·양육; 기관 판단·상세 공고,부양의무자 기준 미적용; 특수·각종·평생교육시설 범위 확인,,요약구조화; 완전 실행식 미작성,,,,2026.0,False,의사상자의 자녀,https://www.bokjiro.go.kr/ssis-tbu/twataa/wlfareInfo/moveTWAT52011M.do?wlfareInfoId=WLF00001089&wlfareInfoReldBztpCd=01,수집된 원문의 조건 검토; 최신공고·완전실행식·실제선정 정답 검증은 아님
21,WLF00001087,가사·간병 방문 지원사업,보건복지부 사회서비스사업과,본인·가구,추가정보·세부조건 확인 필요,65세미만 AND 소득70% AND 간병필요 AND (중증장애 OR 중증/희귀질환 OR 법정가구 OR 퇴원사례관리 OR 지자체인정) AND NOT 중복/시설/입원,연령; 가구소득구간; 장애인복지카드 소유 응답; 가구주관계·혼인·일부 자녀 응답,정책 기준 소득; 의료·피해·필요성·의사; 장애 유형·정도·법정 판정; 법정 급여·보호 자격; 가족·자녀·임신출산·양육; 가입·이용·사건 이력; 기관 판단·상세 공고,소년소녀·한부모·조손 경로의 수혜자는 자녀/손자녀,,요약구조화; 완전 실행식 미작성,,,,2026.0,False,가사·간병 서비스,https://www.bokjiro.go.kr/ssis-tbu/twataa/wlfareInfo/moveTWAT52011M.do?wlfareInfoId=WLF00001087&wlfareInfoReldBztpCd=01,수집된 원문의 조건 검토; 최신공고·완전실행식·실제선정 정답 검증은 아님
22,WLF00001068,한부모가족 아동양육비 지원,성평등가족부 가족지원과,자녀·부모·가구,추가정보·세부조건 확인 필요,한부모/조손저소득가구 AND 급여별 아동연령·재학·시설·부모연령경로,연령; 학교급·재학상태; 가구소득구간; 가구주관계·혼인·일부 자녀 응답,가족·자녀·임신출산·양육; 법정 급여·보호 자격; 정책 기준 소득; 가입·이용·사건 이력,부모25~34/35이상과 자녀5세이하/18세미만/재학생22세미만 분리,,요약구조화; 완전 실행식 미작성,,,,2026.0,False,추가아동양육비,https://www.bokjiro.go.kr/ssis-tbu/twataa/wlfareInfo/moveTWAT52011M.do?wlfareInfoId=WLF00001068&wlfareInfoReldBztpCd=01,수집된 원문의 조건 검토; 최신공고·완전실행식·실제선정 정답 검증은 아님
23,WLF00001067,장애아보육료지원,교육부 영유아재정과,아동,추가정보·세부조건 확인 필요,미취학장애아동 기본경로 OR 특수교육/의사진단/질병취학유예/휴학예외 AND 보육이용·중복제한,장애인복지카드 소유 응답; 가구주관계·혼인·일부 자녀 응답,장애 유형·정도·법정 판정; 의료·피해·필요성·의사; 가족·자녀·임신출산·양육; 상세 학적·학업; 가입·이용·사건 이력,카드소유만 필수로 고정하면 진단서 대체경로 누락; 소득무관,,요약구조화; 완전 실행식 미작성,,,,2026.0,False,의사진단서를 제출,https://www.bokjiro.go.kr/ssis-tbu/twataa/wlfareInfo/moveTWAT52011M.do?wlfareInfoId=WLF00001067&wlfareInfoReldBztpCd=01,수집된 원문의 조건 검토; 최신공고·완전실행식·실제선정 정답 검증은 아님
24,WLF00000969,유아학비 지원(3~5세 누리과정 지원),교육부 영유아재정과,자녀,추가정보·세부조건 확인 필요,유치원3~5세반/조기입학/취학유예 AND 국적예외검토 AND NOT 중복/31일해외체류,가구주관계·혼인·일부 자녀 응답,가족·자녀·임신출산·양육; 이주배경·체류·특별신분; 상세 학적·학업; 가입·이용·사건 이력; 정확한 기준시점·기간,온라인 신청주체와 실제수혜유아 분리; 저소득은 추가지원,,요약구조화; 완전 실행식 미작성,,,,2026.0,False,온라인 신청은 부모만,https://www.bokjiro.go.kr/ssis-tbu/twataa/wlfareInfo/moveTWAT52011M.do?wlfareInfoId=WLF00000969&wlfareInfoReldBztpCd=01,수집된 원문의 조건 검토; 최신공고·완전실행식·실제선정 정답 검증은 아님
25,WLF00000867,방과후학교 자유수강권,교육부 방과후돌봄정책과,학생,추가정보·세부조건 확인 필요,초중고재학 AND (우선저소득 OR 교육청소득선정 OR 학교장추천 OR 난민등기타),학교급·재학상태; 가구소득구간; 가구주관계·혼인·일부 자녀 응답,법정 급여·보호 자격; 정책 기준 소득; 기관 판단·상세 공고; 이주배경·체류·특별신분; 가족·자녀·임신출산·양육,100%는 교육청 조정 가능; 저소득만 전체필수로 고정하지 않음,,요약구조화; 완전 실행식 미작성,,,,2026.0,False,3순위,https://www.bokjiro.go.kr/ssis-tbu/twataa/wlfareInfo/moveTWAT52011M.do?wlfareInfoId=WLF00000867&wlfareInfoReldBztpCd=01,수집된 원문의 조건 검토; 최신공고·완전실행식·실제선정 정답 검증은 아님
26,WLF00000092,저소득층 기저귀·조제분유 지원,보건복지부 출산정책과,영아·가구,추가정보·세부조건 확인 필요,2세미만 AND (수급/차상위/법정한부모 OR 소득100%장애가구 OR 소득100%다자녀) / 조제분유는 추가보호·입양·모유불가경로,장애인복지카드 소유 응답; 가구주관계·혼인·일부 자녀 응답,가족·자녀·임신출산·양육; 법정 급여·보호 자격; 정책 기준 소득; 장애 유형·정도·법정 판정; 의료·피해·필요성·의사; 가입·이용·사건 이력,기저귀와 분유 조건 분리; 부/모/영아 중 장애 한 명의 주체 구분,,요약구조화; 완전 실행식 미작성,,,,2026.0,False,조제분유 지원대상,https://www.bokjiro.go.kr/ssis-tbu/twataa/wlfareInfo/moveTWAT52011M.do?wlfareInfoId=WLF00000092&wlfareInfoReldBztpCd=01,수집된 원문의 조건 검토; 최신공고·완전실행식·실제선정 정답 검증은 아님
27,WLF00000064,발달장애인 부모상담지원사업,보건복지부 장애인서비스과,부모·보호자,추가정보·세부조건 확인 필요,등록발달장애자녀 또는 9세미만소견대체 AND 부모/동거2촌보호자 AND NOT 유사서비스등,장애인복지카드 소유 응답; 가구주관계·혼인·일부 자녀 응답,장애 유형·정도·법정 판정; 가족·자녀·임신출산·양육; 의료·피해·필요성·의사; 가입·이용·사건 이력; 이주배경·체류·특별신분,부모 본인 장애 필수 아님; 영유아 진단서 대체 허용,,요약구조화; 완전 실행식 미작성,,,,2026.0,False,부모 및 보호자,https://www.bokjiro.go.kr/ssis-tbu/twataa/wlfareInfo/moveTWAT52011M.do?wlfareInfoId=WLF00000064&wlfareInfoReldBztpCd=01,수집된 원문의 조건 검토; 최신공고·완전실행식·실제선정 정답 검증은 아님
28,WLF00000060,청년내일저축계좌,보건복지부 자활정책과,본인·가구,추가정보·세부조건 확인 필요,신청월기준15~39세특례 AND 근로사업소득월10만원이상 AND 가구소득인정액50%이하,연령; 조사주간 경제활동·직업; 가구소득구간,정책 기준 소득; 정확한 기준시점·기간,월가구소득구간을 개인근로소득 또는 인정액으로 대체하지 않음,,요약구조화; 완전 실행식 미작성,,,,2026.0,False,근로·사업소득,https://www.bokjiro.go.kr/ssis-tbu/twataa/wlfareInfo/moveTWAT52011M.do?wlfareInfoId=WLF00000060&wlfareInfoReldBztpCd=01,수집된 원문의 조건 검토; 최신공고·완전실행식·실제선정 정답 검증은 아님
29,WLF00000056,의료급여(요양비),보건복지부 기초의료보장과,본인,추가정보·세부조건 확인 필요,의료급여수급권 AND (질병부상출산요양 OR 투석 OR 당뇨 OR 도뇨 OR 산소/호흡/기침/양압기) AND 경로별처방·구매증빙,직접대응 없음,법정 급여·보호 자격; 의료·피해·필요성·의사; 가입·이용·사건 이력,모든 수혜자를 임산부·여성으로 제한하지 않음,,기존v3 부분실행식/안내식 있음,,,,2026.0,False,당뇨병 소모성 재료,https://www.bokjiro.go.kr/ssis-tbu/twataa/wlfareInfo/moveTWAT52011M.do?wlfareInfoId=WLF00000056&wlfareInfoReldBztpCd=01,수집된 원문의 조건 검토; 최신공고·완전실행식·실제선정 정답 검증은 아님
30,WLF00000026,장애인자립자금대여,보건복지부 장애인자립기반과,본인·가구,추가정보·세부조건 확인 필요,19세이상등록장애 AND 소득인정액50%초과100%이하 AND 여신심사통과,연령; 가구소득구간; 장애인복지카드 소유 응답,장애 유형·정도·법정 판정; 정책 기준 소득; 재산·주택·채무·신용; 기관 판단·상세 공고,50%이하는 다른 대출상품 안내이며 본 사업 상한과 합치지 않음,,요약구조화; 완전 실행식 미작성,,,,2026.0,False,50% 초과 100% 이하,https://www.bokjiro.go.kr/ssis-tbu/twataa/wlfareInfo/moveTWAT52011M.do?wlfareInfoId=WLF00000026&wlfareInfoReldBztpCd=01,수집된 원문의 조건 검토; 최신공고·완전실행식·실제선정 정답 검증은 아님
31,WLF00000024,아이돌봄서비스,성평등가족부 아이돌봄지원과,자녀·가구,추가정보·세부조건 확인 필요,유형별3개월~12세/36개월(미숙아40개월) AND 양육공백 AND 중복제한; 정부지원율은 건보료250%구간별,가구주관계·혼인·일부 자녀 응답,가족·자녀·임신출산·양육; 의료·피해·필요성·의사; 정책 기준 소득; 가입·이용·사건 이력,본문 번호누락 표시; 부모취업만으로 양육공백 확정 금지,,요약구조화; 완전 실행식 미작성,,,,2026.0,False,건강보험료 본인부담금,https://www.bokjiro.go.kr/ssis-tbu/twataa/wlfareInfo/moveTWAT52011M.do?wlfareInfoId=WLF00000024&wlfareInfoReldBztpCd=01,수집된 원문의 조건 검토; 최신공고·완전실행식·실제선정 정답 검증은 아님
32,WLF00003279,언어발달지원사업,보건복지부 장애인서비스과,자녀·부모조부모,추가정보·세부조건 확인 필요,12세미만비장애아동 AND 한쪽부모/조부모가 지정유형등록장애 AND 소득120%,장애인복지카드 소유 응답; 가구주관계·혼인·일부 자녀 응답,가족·자녀·임신출산·양육; 장애 유형·정도·법정 판정; 정책 기준 소득,자녀와 부모 장애 방향 반대; 가구주 장애로 대체 금지,,요약구조화; 완전 실행식 미작성,,,,2026.0,False,한쪽부모 및 조손가정,https://www.bokjiro.go.kr/ssis-tbu/twataa/wlfareInfo/moveTWAT52011M.do?wlfareInfoId=WLF00003279&wlfareInfoReldBztpCd=01,수집된 원문의 조건 검토; 최신공고·완전실행식·실제선정 정답 검증은 아님
33,WLF00003278,여성장애인 출산비용지원,보건복지부 장애인건강과,본인,추가정보·세부조건 확인 필요,등록여성장애 AND 2026출산/유산사산16주이상 또는 법정예외; 전년도미수급 예산특례,성별; 장애인복지카드 소유 응답; 가구주관계·혼인·일부 자녀 응답,장애 유형·정도·법정 판정; 가족·자녀·임신출산·양육; 의료·피해·필요성·의사; 가입·이용·사건 이력; 정확한 기준시점·기간,해산급여·첫만남 중복가능; 임의19~49 연령 제한 금지,,요약구조화; 완전 실행식 미작성,,,,2026.0,False,2025년 지원대상자,https://www.bokjiro.go.kr/ssis-tbu/twataa/wlfareInfo/moveTWAT52011M.do?wlfareInfoId=WLF00003278&wlfareInfoReldBztpCd=01,수집된 원문의 조건 검토; 최신공고·완전실행식·실제선정 정답 검증은 아님
34,WLF00003265,장애수당,보건복지부 장애인자립기반과,본인,추가정보·세부조건 확인 필요,18세이상등록비중증 AND (수급 OR 차상위) AND NOT 18~20초중등재학휴학,연령; 학교급·재학상태; 장애인복지카드 소유 응답,장애 유형·정도·법정 판정; 법정 급여·보호 자격; 정책 기준 소득; 정확한 기준시점·기간,월말연령·특수학교 범위 미확인 보존; 전체상한20세 제거,,기존v3 부분실행식/안내식 있음,,,,2026.0,False,18~20세,https://www.bokjiro.go.kr/ssis-tbu/twataa/wlfareInfo/moveTWAT52011M.do?wlfareInfoId=WLF00003265&wlfareInfoReldBztpCd=01,수집된 원문의 조건 검토; 최신공고·완전실행식·실제선정 정답 검증은 아님
35,WLF00003258,아동발달지원계좌(디딤씨앗통장)지원,보건복지부 아동보호자립과,아동,추가정보·세부조건 확인 필요,18세미만 AND (시설/위탁등보호 OR 수급차상위 OR 기존가입후가정복귀/탈수급계속지원),연령; 가구주관계·혼인·일부 자녀 응답,가족·자녀·임신출산·양육; 법정 급여·보호 자격; 가입·이용·사건 이력,수급여부가 바뀌어도 계속지원 경로 있음,,요약구조화; 완전 실행식 미작성,,,,2026.0,False,기 가입 아동,https://www.bokjiro.go.kr/ssis-tbu/twataa/wlfareInfo/moveTWAT52011M.do?wlfareInfoId=WLF00003258&wlfareInfoReldBztpCd=01,수집된 원문의 조건 검토; 최신공고·완전실행식·실제선정 정답 검증은 아님
36,WLF00003253,가정양육수당 지원사업,교육부 영유아재정과,자녀,추가정보·세부조건 확인 필요,24개월이상86개월미만 미취학 AND 가정양육 AND NOT 어린이집/유치원/종일아이돌봄,가구주관계·혼인·일부 자녀 응답,가족·자녀·임신출산·양육; 상세 학적·학업; 가입·이용·사건 이력; 정확한 기준시점·기간,소득필수 없음; 변경신청일15일 경계는 지급시점 조건,,요약구조화; 완전 실행식 미작성,,,,2026.0,False,소득 수준에 상관없이,https://www.bokjiro.go.kr/ssis-tbu/twataa/wlfareInfo/moveTWAT52011M.do?wlfareInfoId=WLF00003253&wlfareInfoReldBztpCd=01,수집된 원문의 조건 검토; 최신공고·완전실행식·실제선정 정답 검증은 아님
37,WLF00003250,영유아보육료 지원,교육부 영유아재정과,자녀,추가정보·세부조건 확인 필요,해당출생연도0~5세반 AND 어린이집이용 AND 지원신청; 누리과정3년상한·취학유예 별도,가구주관계·혼인·일부 자녀 응답,가족·자녀·임신출산·양육; 상세 학적·학업; 가입·이용·사건 이력; 정확한 기준시점·기간,연령태그로 부모연령 추출 금지; 신청일/입소일 별도,,요약구조화; 완전 실행식 미작성,,,,2026.0,False,어린이집을 이용하는,https://www.bokjiro.go.kr/ssis-tbu/twataa/wlfareInfo/moveTWAT52011M.do?wlfareInfoId=WLF00003250&wlfareInfoReldBztpCd=01,수집된 원문의 조건 검토; 최신공고·완전실행식·실제선정 정답 검증은 아님
38,WLF00003227,초.중.고 학생 교육정보화 지원,교육부 디지털교육기반과,학생·가구,추가정보·세부조건 확인 필요,초중고학생 AND (수급 OR 법정한부모 OR 차상위) AND 교육청별기준 AND NOT PC/인터넷중복,학교급·재학상태; 가구주관계·혼인·일부 자녀 응답,법정 급여·보호 자격; 가족·자녀·임신출산·양육; 가입·이용·사건 이력; 기관 판단·상세 공고,형제중복·과거지원·시도별학년 범위 확인,,요약구조화; 완전 실행식 미작성,,,,2026.0,False,1세대 1자녀,https://www.bokjiro.go.kr/ssis-tbu/twataa/wlfareInfo/moveTWAT52011M.do?wlfareInfoId=WLF00003227&wlfareInfoReldBztpCd=01,수집된 원문의 조건 검토; 최신공고·완전실행식·실제선정 정답 검증은 아님
39,WLF00003198,장애아동수당,보건복지부 장애인자립기반과,본인,추가정보·세부조건 확인 필요,등록장애 AND (수급 OR 차상위) AND (18세미만 OR 18~20재학휴학 AND 연금비수급),연령; 학교급·재학상태; 장애인복지카드 소유 응답,장애 유형·정도·법정 판정; 법정 급여·보호 자격; 정책 기준 소득; 가입·이용·사건 이력; 정확한 기준시점·기간,장애수당과 반대인 학생예외를 분리; 월말생일 필요,,기존v3 부분실행식/안내식 있음,,,,2026.0,False,18세 미만,https://www.bokjiro.go.kr/ssis-tbu/twataa/wlfareInfo/moveTWAT52011M.do?wlfareInfoId=WLF00003198&wlfareInfoReldBztpCd=01,수집된 원문의 조건 검토; 최신공고·완전실행식·실제선정 정답 검증은 아님
40,WLF00003195,발달재활서비스,보건복지부 장애인건강과,아동,추가정보·세부조건 확인 필요,18세미만 AND 소득180%이하 AND (지정6유형등록장애 OR 9세미만의뢰/검사대체),연령; 장애인복지카드 소유 응답; 가구주관계·혼인·일부 자녀 응답,장애 유형·정도·법정 판정; 의료·피해·필요성·의사; 정책 기준 소득; 가족·자녀·임신출산·양육,시각장애 재활필요성 별도; 등록장애만 일괄필수 금지,,요약구조화; 완전 실행식 미작성,,,,2026.0,False,9세 미만,https://www.bokjiro.go.kr/ssis-tbu/twataa/wlfareInfo/moveTWAT52011M.do?wlfareInfoId=WLF00003195&wlfareInfoReldBztpCd=01,수집된 원문의 조건 검토; 최신공고·완전실행식·실제선정 정답 검증은 아님
41,WLF00003192,다문화가족 방문교육 서비스,성평등가족부 다문화가족과,가족구성원,추가정보·세부조건 확인 필요,한국어교육:입국5년이하결혼이민/중도입국 또는 예외 / 부모교육:단계별1회 / 자녀생활:3~12세다문화자녀,연령; 현재 국적; 가구주관계·혼인·일부 자녀 응답,이주배경·체류·특별신분; 가족·자녀·임신출산·양육; 정책 기준 소득; 가입·이용·사건 이력; 정확한 기준시점·기간,150%는 무료/본인부담 구분; 모든서비스 이용상한으로 쓰지 않음,,요약구조화; 완전 실행식 미작성,,,,2026.0,False,무상지원 대상자,https://www.bokjiro.go.kr/ssis-tbu/twataa/wlfareInfo/moveTWAT52011M.do?wlfareInfoId=WLF00003192&wlfareInfoReldBztpCd=01,수집된 원문의 조건 검토; 최신공고·완전실행식·실제선정 정답 검증은 아님
42,WLF00003171,의료급여본인부담면제,보건복지부 기초의료보장과,본인,추가정보·세부조건 확인 필요,의료급여1종 AND (18세미만 OR 지정질환산정특례 OR 선택기관 OR 20세미만재학 OR 임신 OR 가정간호 등),연령; 학교급·재학상태,법정 급여·보호 자격; 의료·피해·필요성·의사; 가입·이용·사건 이력; 정확한 기준시점·기간,각 경로의 검사·진료기관·제출·면제기간을 분리,,요약구조화; 완전 실행식 미작성,,,,2026.0,False,1종 수급권자,https://www.bokjiro.go.kr/ssis-tbu/twataa/wlfareInfo/moveTWAT52011M.do?wlfareInfoId=WLF00003171&wlfareInfoReldBztpCd=01,수집된 원문의 조건 검토; 최신공고·완전실행식·실제선정 정답 검증은 아님
43,WLF00004638,가스요금할인,산업통상부 가스산업과,가구·기관,추가정보·세부조건 확인 필요,수급 OR 차상위 OR 3자녀/손자녀 OR 중증장애 OR 지정보훈 OR 관련시설,장애인복지카드 소유 응답; 가구주관계·혼인·일부 자녀 응답,법정 급여·보호 자격; 가족·자녀·임신출산·양육; 장애 유형·정도·법정 판정; 보훈·유족·수권; 요금·공급·이용 계약; 기관·기업 자료,소득50% 단독으로 법정자격 대체 금지; 위탁·분리세대 예외 포함,,요약구조화; 완전 실행식 미작성,,,,2026.0,False,위탁아동의 수,https://www.bokjiro.go.kr/ssis-tbu/twataa/wlfareInfo/moveTWAT52011M.do?wlfareInfoId=WLF00004638&wlfareInfoReldBztpCd=01,수집된 원문의 조건 검토; 최신공고·완전실행식·실제선정 정답 검증은 아님
44,WLF00006248,직장인 든든한 점심밥,농림축산식품부 식품외식산업과,본인·사업장,추가정보·세부조건 확인 필요,중소기업 재직근로자 AND 해당기업 점심식대지급,조사주간 경제활동·직업,직역·사업장·경력·구직,모든 취업자를 대상으로 확대 금지,,기존v3 부분실행식/안내식 있음,,,,2026.0,False,점심 식대를 지급,https://www.bokjiro.go.kr/ssis-tbu/twataa/wlfareInfo/moveTWAT52011M.do?wlfareInfoId=WLF00006248&wlfareInfoReldBztpCd=01,수집된 원문의 조건 검토; 최신공고·완전실행식·실제선정 정답 검증은 아님
45,WLF00006315,가족전용상담전화,성평등가족부 가족정책과,일반안내,일반안내 가능,가족정책정보·초기상담 일반안내; 별도 선정기준 없음,직접대응 없음,일반안내 범위만 별도자격 없음,심화상담 연계·지원금 수급은 별도; 기존 모델B 안내 유지,,기존v3 부분실행식/안내식 있음,,,,2026.0,True,별도 선정기준 없음,https://www.bokjiro.go.kr/ssis-tbu/twataa/wlfareInfo/moveTWAT52011M.do?wlfareInfoId=WLF00006315&wlfareInfoReldBztpCd=01,수집된 원문의 조건 검토; 최신공고·완전실행식·실제선정 정답 검증은 아님
46,WLF00006266,청년미래적금,금융위원회 청년정책과,본인·가구,추가정보·세부조건 확인 필요,19~34(병역최대6년보정) AND 국내거주 AND 유형별개인소득/매출·가구소득 AND 금융소득요건,연령; 가구소득구간; 현재 국적,정책 기준 소득; 재산·주택·채무·신용; 직역·사업장·경력·구직; 가입·이용·사건 이력; 정확한 기준시점·기간,"일반형200%와 우대형150%, 개인7500/3600만원·매출3억/1억원 분리",,요약구조화; 완전 실행식 미작성,,,,2026.0,False,병역이행기간,https://www.bokjiro.go.kr/ssis-tbu/twataa/wlfareInfo/moveTWAT52011M.do?wlfareInfoId=WLF00006266&wlfareInfoReldBztpCd=01,수집된 원문의 조건 검토; 최신공고·완전실행식·실제선정 정답 검증은 아님
47,WLF00006324,무료법률구조,법무부 인권구조과,본인·가구,추가정보·세부조건 확인 필요,중위소득125%이하국민등 AND 법률구조 상세지원대상 확인,가구소득구간; 현재 국적,정책 기준 소득; 의료·피해·필요성·의사; 기관 판단·상세 공고,안내문에서 참조한 공단 세부기준 미수집; 무료상담과 구분,,요약구조화; 완전 실행식 미작성,,,,2026.0,False,상세 지원기준,https://www.bokjiro.go.kr/ssis-tbu/twataa/wlfareInfo/moveTWAT52011M.do?wlfareInfoId=WLF00006324&wlfareInfoReldBztpCd=01,수집된 원문의 조건 검토; 최신공고·완전실행식·실제선정 정답 검증은 아님
48,WLF00006298,자동차사고 피해자 지원사업,국토교통부 자동차운영보험과,본인·자녀·노부모,추가정보·세부조건 확인 필요,교통사고사망/중증후유장애1~4급 AND 수급/차상위 AND (피해본인 OR 미성년자녀학생예외 OR 65이상피부양부모),연령; 학교급·재학상태; 장애인복지카드 소유 응답; 가구주관계·혼인·일부 자녀 응답,의료·피해·필요성·의사; 장애 유형·정도·법정 판정; 법정 급여·보호 자격; 가족·자녀·임신출산·양육; 가입·이용·사건 이력,수혜자별 나이·부양조건 달라 단일19~34태그 불가,,요약구조화; 완전 실행식 미작성,,,,2026.0,False,피부양 노부모,https://www.bokjiro.go.kr/ssis-tbu/twataa/wlfareInfo/moveTWAT52011M.do?wlfareInfoId=WLF00006298&wlfareInfoReldBztpCd=01,수집된 원문의 조건 검토; 최신공고·완전실행식·실제선정 정답 검증은 아님
49,WLF00006335,유아 단계적 무상교육·보육 실현,교육부 영유아재정과,자녀,추가정보·세부조건 확인 필요,2026년4~5세 AND 유치원/어린이집재원,가구주관계·혼인·일부 자녀 응답,가족·자녀·임신출산·양육; 상세 학적·학업; 정확한 기준시점·기간,가구주연령·자녀유무로 재원아동을 확정하지 않음,,요약구조화; 완전 실행식 미작성,,,,2026.0,False,재원 중인,https://www.bokjiro.go.kr/ssis-tbu/twataa/wlfareInfo/moveTWAT52011M.do?wlfareInfoId=WLF00006335&wlfareInfoReldBztpCd=01,수집된 원문의 조건 검토; 최신공고·완전실행식·실제선정 정답 검증은 아님
50,WLF00003234,일자리창출사업,고용노동부 사회적기업과,기관·기업,기관·사업주 지원 경로 중심,사회적/예비사회적기업 AND 자치단체심사선정,직접대응 없음,기관·기업 자료; 기관 판단·상세 공고,개인별 수급정책수 계산에서 분리,,요약구조화; 완전 실행식 미작성,,,,2026.0,False,선정된 기업,https://www.bokjiro.go.kr/ssis-tbu/twataa/wlfareInfo/moveTWAT52011M.do?wlfareInfoId=WLF00003234&wlfareInfoReldBztpCd=01,수집된 원문의 조건 검토; 최신공고·완전실행식·실제선정 정답 검증은 아님
51,WLF00006333,건강보험 산정특례,보건복지부 보험급여과,본인,추가정보·세부조건 확인 필요,지정질환확진 AND 산정특례등록기준 AND 의사신청서 AND 건강보험가입/피부양,직접대응 없음,의료·피해·필요성·의사; 가입·이용·사건 이력; 기관 판단·상세 공고,일반질병 또는 장애카드와 동일하지 않음,,요약구조화; 완전 실행식 미작성,,,,2026.0,False,확진받아 등록기준,https://www.bokjiro.go.kr/ssis-tbu/twataa/wlfareInfo/moveTWAT52011M.do?wlfareInfoId=WLF00006333&wlfareInfoReldBztpCd=01,수집된 원문의 조건 검토; 최신공고·완전실행식·실제선정 정답 검증은 아님
52,WLF00006332,아동 입원진료비 지원,보건복지부 보험급여과,아동,추가정보·세부조건 확인 필요,15세이하 AND 입원진료; 2세미만면제/그외5%본인부담,연령; 가구주관계·혼인·일부 자녀 응답,의료·피해·필요성·의사; 가족·자녀·임신출산·양육; 가입·이용·사건 이력,지원대상 연령만 읽으면 입원사건 조건 누락; 지원내용도 반영,,요약구조화; 완전 실행식 미작성,,,,2026.0,False,입원진료비 본인부담금,https://www.bokjiro.go.kr/ssis-tbu/twataa/wlfareInfo/moveTWAT52011M.do?wlfareInfoId=WLF00006332&wlfareInfoReldBztpCd=01,수집된 원문의 조건 검토; 최신공고·완전실행식·실제선정 정답 검증은 아님
53,WLF00006331,자살예방센터 운영,보건복지부 자살예방정책과,본인·가족,추가정보·세부조건 확인 필요,전국민 일반접근 안내 / 고위험상담·치료연계·유족지원은 해당필요/유족조건,가구주관계·혼인·일부 자녀 응답,의료·피해·필요성·의사; 가족·자녀·임신출산·양육; 기관 판단·상세 공고,일반안내와 치료비 자격 구분,,요약구조화; 완전 실행식 미작성,,,,2026.0,False,자살고위험군,https://www.bokjiro.go.kr/ssis-tbu/twataa/wlfareInfo/moveTWAT52011M.do?wlfareInfoId=WLF00006331&wlfareInfoReldBztpCd=01,수집된 원문의 조건 검토; 최신공고·완전실행식·실제선정 정답 검증은 아님
54,WLF00006309,법률구조,법무부 인권구조과,본인,추가정보·세부조건 확인 필요,취약계층 등 법률구조필요 AND 지원대상 확인,조사주간 경제활동·직업; 가구소득구간,법정 급여·보호 자격; 의료·피해·필요성·의사; 기관 판단·상세 공고,임금체불·농어민·수급/차상위는 예시이며 전체 AND 아님,,요약구조화; 완전 실행식 미작성,,,,2026.0,False,지원 대상 여부 확인,https://www.bokjiro.go.kr/ssis-tbu/twataa/wlfareInfo/moveTWAT52011M.do?wlfareInfoId=WLF00006309&wlfareInfoReldBztpCd=01,수집된 원문의 조건 검토; 최신공고·완전실행식·실제선정 정답 검증은 아님
55,WLF00006237,안부살핌 우편서비스 사업,행정안전부 복지자원연계팀,가구,추가정보·세부조건 확인 필요,안부확인필요위기가구 AND NOT 공적돌봄수혜; 집중관리우선,가구 규모·점유형태; 연령; 가구주관계·혼인·일부 자녀 응답,의료·피해·필요성·의사; 가족·자녀·임신출산·양육; 가입·이용·사건 이력; 기관 판단·상세 공고,1인가구만으로 위기가구 인정하지 않음,,요약구조화; 완전 실행식 미작성,,,,2026.0,False,공적 돌봄서비스 수혜자 제외,https://www.bokjiro.go.kr/ssis-tbu/twataa/wlfareInfo/moveTWAT52011M.do?wlfareInfoId=WLF00006237&wlfareInfoReldBztpCd=01,수집된 원문의 조건 검토; 최신공고·완전실행식·실제선정 정답 검증은 아님
56,WLF00006319,대지급금,고용노동부 퇴직연금복지과,본인·사업장,추가정보·세부조건 확인 필요,도산결정 AND 퇴직근로자 / 판결또는체불확인 AND (퇴직 OR 최저임금110%미만재직),조사주간 경제활동·직업,직역·사업장·경력·구직; 가입·이용·사건 이력; 정책 기준 소득; 기관 판단·상세 공고; 정확한 기준시점·기간,미취업을 모두 탈락시키지 않음; 도산/간이 분리,,요약구조화; 완전 실행식 미작성,,,,2026.0,False,퇴직 근로자,https://www.bokjiro.go.kr/ssis-tbu/twataa/wlfareInfo/moveTWAT52011M.do?wlfareInfoId=WLF00006319&wlfareInfoReldBztpCd=01,수집된 원문의 조건 검토; 최신공고·완전실행식·실제선정 정답 검증은 아님
57,WLF00003176,농식품바우처,농림축산식품부 식생활소비정책과,가구,추가정보·세부조건 확인 필요,생계급여수급 AND (임산부 OR 34세이하가구원); 시설수급·영양플러스는 산정가구원제외,연령; 가구주관계·혼인·일부 자녀 응답,법정 급여·보호 자격; 가족·자녀·임신출산·양육; 가입·이용·사건 이력,32%소득만으로 생계급여 자격 추정 금지,,요약구조화; 완전 실행식 미작성,,,,2026.0,False,생계급여 수급가구,https://www.bokjiro.go.kr/ssis-tbu/twataa/wlfareInfo/moveTWAT52011M.do?wlfareInfoId=WLF00003176&wlfareInfoReldBztpCd=01,수집된 원문의 조건 검토; 최신공고·완전실행식·실제선정 정답 검증은 아님
58,WLF00006290,경남동행론(직접대출),금융위원회 서민금융과,본인,추가정보·세부조건 확인 필요,경남주민등록90일연속 AND 신용하위20% AND 개인연소득3500만원이하 AND NOT 체납/잔액등,지역; 가구소득구간,세부 주소·사업지역; 정확한 기준시점·기간; 재산·주택·채무·신용; 정책 기준 소득; 가입·이용·사건 이력,시도코드로 거주기간을 대체하지 않음,,요약구조화; 완전 실행식 미작성,,,,2026.0,False,90일 이상 연속,https://www.bokjiro.go.kr/ssis-tbu/twataa/wlfareInfo/moveTWAT52011M.do?wlfareInfoId=WLF00006290&wlfareInfoReldBztpCd=01,수집된 원문의 조건 검토; 최신공고·완전실행식·실제선정 정답 검증은 아님
59,WLF00006317,발달장애인 자기주도 재직자 훈련,고용노동부 장애인고용과,본인,추가정보·세부조건 확인 필요,발달장애 AND 근로자,조사주간 경제활동·직업; 장애인복지카드 소유 응답,장애 유형·정도·법정 판정,카드소유만으로 발달장애유형 확인 불가,,요약구조화; 완전 실행식 미작성,,,,2026.0,False,발달장애 근로자,https://www.bokjiro.go.kr/ssis-tbu/twataa/wlfareInfo/moveTWAT52011M.do?wlfareInfoId=WLF00006317&wlfareInfoReldBztpCd=01,수집된 원문의 조건 검토; 최신공고·완전실행식·실제선정 정답 검증은 아님
60,WLF00006316,전문기술인재장학금,교육부 전문대학지원과,학생,추가정보·세부조건 확인 필요,참여전문대재학 AND 취업역량우수 AND (직전12학점/백분위80 OR 신입평가),학교급·재학상태,상세 학적·학업; 기관 판단·상세 공고,일반 재학상태와 학년·학점·성적 분리,,요약구조화; 완전 실행식 미작성,,,,2026.0,False,직전 학기 12학점,https://www.bokjiro.go.kr/ssis-tbu/twataa/wlfareInfo/moveTWAT52011M.do?wlfareInfoId=WLF00006316&wlfareInfoReldBztpCd=01,수집된 원문의 조건 검토; 최신공고·완전실행식·실제선정 정답 검증은 아님
61,WLF00006311,법문화교육(교육센터),법무부 인권구조과,본인,추가정보·세부조건 확인 필요,다문화/탈북/장애/농업인/청소년 등 대상별 법교육프로그램,연령; 학교급·재학상태; 조사주간 경제활동·직업; 장애인복지카드 소유 응답,이주배경·체류·특별신분; 장애 유형·정도·법정 판정; 직역·사업장·경력·구직; 기관 판단·상세 공고,청소년 경로에도 수치연령·프로그램 이용범위는 본문 미명시,,요약구조화; 완전 실행식 미작성,,,,2026.0,False,"맞춤형, 체험형",https://www.bokjiro.go.kr/ssis-tbu/twataa/wlfareInfo/moveTWAT52011M.do?wlfareInfoId=WLF00006311&wlfareInfoReldBztpCd=01,수집된 원문의 조건 검토; 최신공고·완전실행식·실제선정 정답 검증은 아님
62,WLF00003269,기존주택 전세임대주택 지원사업,국토교통부 주거복지지원과,본인·가구,추가정보·세부조건 확인 필요,일반/청년/신혼/다자녀/소년소녀경로별 무주택·소득·자산·순위,연령; 학교급·재학상태; 가구소득구간; 가구 규모·점유형태; 가구주관계·혼인·일부 자녀 응답,재산·주택·채무·신용; 정책 기준 소득; 가족·자녀·임신출산·양육; 법정 급여·보호 자격; 이주배경·체류·특별신분; 가입·이용·사건 이력; 세부 주소·사업지역; 기관 판단·상세 공고,도시근로자소득과 중위소득 구분; 다른 세대 배우자 자산도 필요,,요약구조화; 완전 실행식 미작성,,,,2026.0,False,무주택세대구성원,https://www.bokjiro.go.kr/ssis-tbu/twataa/wlfareInfo/moveTWAT52011M.do?wlfareInfoId=WLF00003269&wlfareInfoReldBztpCd=01,수집된 원문의 조건 검토; 최신공고·완전실행식·실제선정 정답 검증은 아님
63,WLF00006314,사회통합프로그램,법무부 이민통합과,본인,추가정보·세부조건 확인 필요,등록증보유합법외국인 OR 국적취득3년미경과귀화/판정/회복자,현재 국적,이주배경·체류·특별신분; 정확한 기준시점·기간; 가입·이용·사건 이력,현재국적=한국도 대상 가능; 외국국적만으로 합법체류 확정 불가,,요약구조화; 완전 실행식 미작성,,,,2026.0,False,3년이 경과하지,https://www.bokjiro.go.kr/ssis-tbu/twataa/wlfareInfo/moveTWAT52011M.do?wlfareInfoId=WLF00006314&wlfareInfoReldBztpCd=01,수집된 원문의 조건 검토; 최신공고·완전실행식·실제선정 정답 검증은 아님
64,WLF00006312,성매매 방지 및 피해자 지원,성평등가족부 폭력예방교육과,본인,추가정보·세부조건 확인 필요,강요/중독악용/미성년등알선/인신매매 중 법정성매매피해경로,직접대응 없음,의료·피해·필요성·의사; 기관 판단·상세 공고,일반청년 또는 여성만으로 피해자격 추정 금지,,요약구조화; 완전 실행식 미작성,,,,2026.0,False,성매매피해자,https://www.bokjiro.go.kr/ssis-tbu/twataa/wlfareInfo/moveTWAT52011M.do?wlfareInfoId=WLF00006312&wlfareInfoReldBztpCd=01,수집된 원문의 조건 검토; 최신공고·완전실행식·실제선정 정답 검증은 아님
65,WLF00006310,개인회생 파산 종합지원(지원센터),법무부 인권구조과,본인,추가정보·세부조건 확인 필요,채무곤란·회생파산희망 AND 공단상담결과 제도이용적정,가구소득구간,재산·주택·채무·신용; 의료·피해·필요성·의사; 기관 판단·상세 공고,소득구간만으로 파산적정성 예측하지 않음,,요약구조화; 완전 실행식 미작성,,,,2026.0,False,상담 결과,https://www.bokjiro.go.kr/ssis-tbu/twataa/wlfareInfo/moveTWAT52011M.do?wlfareInfoId=WLF00006310&wlfareInfoReldBztpCd=01,수집된 원문의 조건 검토; 최신공고·완전실행식·실제선정 정답 검증은 아님
66,WLF00006308,무료법률상담,법무부 인권구조과,본인,추가정보·세부조건 확인 필요,법률상담필요 AND 국민,현재 국적,의료·피해·필요성·의사,전국민이라는 표현이 상담필요성 관측을 의미하지 않음,,기존v3 부분실행식/안내식 있음,,,,2026.0,True,법률 상담이 필요한,https://www.bokjiro.go.kr/ssis-tbu/twataa/wlfareInfo/moveTWAT52011M.do?wlfareInfoId=WLF00006308&wlfareInfoReldBztpCd=01,수집된 원문의 조건 검토; 최신공고·완전실행식·실제선정 정답 검증은 아님
67,WLF00006307,자립지원 전담기관 운영,보건복지부 청년정책팀,본인,추가정보·세부조건 확인 필요,보호종료5년이내 OR 보호연장아동 또는 조기종료특례,연령,가입·이용·사건 이력; 정확한 기준시점·기간,시설명에 기관운영이 있어도 직접대상은 청년; 기관전용으로 분류 금지,,요약구조화; 완전 실행식 미작성,,,,2026.0,False,보호종료 5년이내,https://www.bokjiro.go.kr/ssis-tbu/twataa/wlfareInfo/moveTWAT52011M.do?wlfareInfoId=WLF00006307&wlfareInfoReldBztpCd=01,수집된 원문의 조건 검토; 최신공고·완전실행식·실제선정 정답 검증은 아님
68,WLF00006306,중앙취업지원센터 운영 지원,교육부 직업교육정책과,학생,추가정보·세부조건 확인 필요,직업계고재학생,학교급·재학상태,상세 학적·학업,고교학력·재학코드로 직업계 여부 확인 불가,,요약구조화; 완전 실행식 미작성,,,,2026.0,False,직업계고 재학생,https://www.bokjiro.go.kr/ssis-tbu/twataa/wlfareInfo/moveTWAT52011M.do?wlfareInfoId=WLF00006306&wlfareInfoReldBztpCd=01,수집된 원문의 조건 검토; 최신공고·완전실행식·실제선정 정답 검증은 아님
69,WLF00006305,고졸자 후속관리 지원모델 개발사업,교육부 직업교육정책과,본인,추가정보·세부조건 확인 필요,직업계고졸업 AND 진로미결정,학교급·재학상태; 조사주간 경제활동·직업,상세 학적·학업; 의료·피해·필요성·의사; 가입·이용·사건 이력,미취업과 진로미결정은 다름,,요약구조화; 완전 실행식 미작성,,,,2026.0,False,진로미결정,https://www.bokjiro.go.kr/ssis-tbu/twataa/wlfareInfo/moveTWAT52011M.do?wlfareInfoId=WLF00006305&wlfareInfoReldBztpCd=01,수집된 원문의 조건 검토; 최신공고·완전실행식·실제선정 정답 검증은 아님
70,WLF00006304,보훈원 양육지원,국가보훈부 복지서비스과,아동·가족,추가정보·세부조건 확인 필요,미성년양육대상 AND 부양의무자없음/예외; 19세후재학계속지원,가구주관계·혼인·일부 자녀 응답,가족·자녀·임신출산·양육; 보훈·유족·수권; 가입·이용·사건 이력; 기관 판단·상세 공고,보훈대상 범위는 외부 양로지원 참조; 노년연령을 아동상한에 사용 금지,,요약구조화; 완전 실행식 미작성,,,,2026.0,False,부양의무자가 없어야,https://www.bokjiro.go.kr/ssis-tbu/twataa/wlfareInfo/moveTWAT52011M.do?wlfareInfoId=WLF00006304&wlfareInfoReldBztpCd=01,수집된 원문의 조건 검토; 최신공고·완전실행식·실제선정 정답 검증은 아님
71,WLF00006212,환경오염피해 구제급여,기후에너지환경부 사무국,본인·유족,추가정보·세부조건 확인 필요,환경피해 AND 미배상사유 AND 인과관계·위원회결정 AND NOT 사업자/업무피해,직접대응 없음,의료·피해·필요성·의사; 재산·주택·채무·신용; 기관 판단·상세 공고,피해사실과 행정인정은 별개,,요약구조화; 완전 실행식 미작성,,,,2026.0,False,인과관계 판단기준,https://www.bokjiro.go.kr/ssis-tbu/twataa/wlfareInfo/moveTWAT52011M.do?wlfareInfoId=WLF00006212&wlfareInfoReldBztpCd=01,수집된 원문의 조건 검토; 최신공고·완전실행식·실제선정 정답 검증은 아님
72,WLF00006302,성착취 피해 아동·청소년 퇴소자립지원수당,성평등가족부 폭력예방교육과,본인,추가정보·세부조건 확인 필요,성착취피해시설입소당시19미만 AND 퇴소19이상 AND 연속보호1년 AND 2026퇴소 AND NOT 제외사유,연령,의료·피해·필요성·의사; 가입·이용·사건 이력; 정확한 기준시점·기간; 기관 판단·상세 공고,현재나이를 입소·퇴소당시나이로 대체 금지,,요약구조화; 완전 실행식 미작성,,,,2026.0,False,입소 당시 19세 미만,https://www.bokjiro.go.kr/ssis-tbu/twataa/wlfareInfo/moveTWAT52011M.do?wlfareInfoId=WLF00006302&wlfareInfoReldBztpCd=01,수집된 원문의 조건 검토; 최신공고·완전실행식·실제선정 정답 검증은 아님
73,WLF00006300,조산아 및 저체중출생아 본인부담금 경감,보건복지부 건강보험지불혁신추진단,영아,추가정보·세부조건 확인 필요,건강보험자격 AND (임신37주미만 OR 출생체중2500g이하),가구주관계·혼인·일부 자녀 응답,가족·자녀·임신출산·양육; 의료·피해·필요성·의사; 가입·이용·사건 이력,현재체중·만연령과 출생정보 구분,,요약구조화; 완전 실행식 미작성,,,,2026.0,False,출생체중,https://www.bokjiro.go.kr/ssis-tbu/twataa/wlfareInfo/moveTWAT52011M.do?wlfareInfoId=WLF00006300&wlfareInfoReldBztpCd=01,수집된 원문의 조건 검토; 최신공고·완전실행식·실제선정 정답 검증은 아님
74,WLF00006297,장애인 창업보육실 운영,중소벤처기업부 소상공인정책과,본인·기업,추가정보·세부조건 확인 필요,장애인예비창업자 OR 창업7년미만장애인기업,조사주간 경제활동·직업; 장애인복지카드 소유 응답,장애 유형·정도·법정 판정; 기관·기업 자료; 직역·사업장·경력·구직; 정확한 기준시점·기간,현재자영업만으로 창업기간·법정기업 확인 불가,,요약구조화; 완전 실행식 미작성,,,,2026.0,False,창업 7년 미만,https://www.bokjiro.go.kr/ssis-tbu/twataa/wlfareInfo/moveTWAT52011M.do?wlfareInfoId=WLF00006297&wlfareInfoReldBztpCd=01,수집된 원문의 조건 검토; 최신공고·완전실행식·실제선정 정답 검증은 아님
75,WLF00003244,국민임대주택공급,국토교통부 주거복지지원과,가구,추가정보·세부조건 확인 필요,무주택세대 AND 면적별도시근로자소득50/70/100% AND 자산·차량; 특별유형우선,가구소득구간; 가구 규모·점유형태; 가구주관계·혼인·일부 자녀 응답,재산·주택·채무·신용; 정책 기준 소득; 가족·자녀·임신출산·양육; 세부 주소·사업지역; 기관 판단·상세 공고,보훈·다자녀·장애는 우선공급 경로; 전체필수 아님,,요약구조화; 완전 실행식 미작성,,,,2026.0,False,면적에 따라 상이,https://www.bokjiro.go.kr/ssis-tbu/twataa/wlfareInfo/moveTWAT52011M.do?wlfareInfoId=WLF00003244&wlfareInfoReldBztpCd=01,수집된 원문의 조건 검토; 최신공고·완전실행식·실제선정 정답 검증은 아님
76,WLF00004649,행복주택 공급,국토교통부 주거복지지원과,본인·가구,추가정보·세부조건 확인 필요,대학생/청년/신혼/한부모/고령/주거급여/산단/창업등 경로별 무주택·소득·자산,연령; 학교급·재학상태; 조사주간 경제활동·직업; 가구소득구간; 가구주관계·혼인·일부 자녀 응답,재산·주택·채무·신용; 정책 기준 소득; 가족·자녀·임신출산·양육; 법정 급여·보호 자격; 직역·사업장·경력·구직; 가입·이용·사건 이력; 기관 판단·상세 공고,청년19~39 외 사회초년·퇴직예외; 유형마다소득의 주체가 다름,,요약구조화; 완전 실행식 미작성,,,,2026.0,False,입주자 모집공고일,https://www.bokjiro.go.kr/ssis-tbu/twataa/wlfareInfo/moveTWAT52011M.do?wlfareInfoId=WLF00004649&wlfareInfoReldBztpCd=01,수집된 원문의 조건 검토; 최신공고·완전실행식·실제선정 정답 검증은 아님
77,WLF00004663,통합공공임대,국토교통부 주거복지지원과,가구,추가정보·세부조건 확인 필요,일반공급유형별 조건 / 우선공급유형별 조건; 각 소득·무주택·자산 별도,연령; 가구소득구간; 가구 규모·점유형태; 가구주관계·혼인·일부 자녀 응답,재산·주택·채무·신용; 정책 기준 소득; 가족·자녀·임신출산·양육; 법정 급여·보호 자격; 보훈·유족·수권; 이주배경·체류·특별신분; 기관 판단·상세 공고,일반150%와 우선100%를 하나의소득상한으로 합치지 않음,,요약구조화; 완전 실행식 미작성,,,,2026.0,False,일반공급,https://www.bokjiro.go.kr/ssis-tbu/twataa/wlfareInfo/moveTWAT52011M.do?wlfareInfoId=WLF00004663&wlfareInfoReldBztpCd=01,수집된 원문의 조건 검토; 최신공고·완전실행식·실제선정 정답 검증은 아님
78,WLF00000057,공공분양,국토교통부 주택공급정책과,가구,추가정보·세부조건 확인 필요,모집지역거주 AND 무주택세대 AND 공급유형·면적별 소득/자산기준,지역; 가구소득구간; 가구주관계·혼인·일부 자녀 응답,세부 주소·사업지역; 재산·주택·채무·신용; 정책 기준 소득; 가족·자녀·임신출산·양육; 가입·이용·사건 이력; 기관 판단·상세 공고,일부유형 소득/자산 무기준이므로 전체상한 적용 금지,,요약구조화; 완전 실행식 미작성,,,,2026.0,False,그 외 주택,https://www.bokjiro.go.kr/ssis-tbu/twataa/wlfareInfo/moveTWAT52011M.do?wlfareInfoId=WLF00000057&wlfareInfoReldBztpCd=01,수집된 원문의 조건 검토; 최신공고·완전실행식·실제선정 정답 검증은 아님
79,WLF00001079,주거안정 월세대출 보증,금융위원회 금융정책과,본인·가구,추가정보·세부조건 확인 필요,기금월세대출대상 AND 보증금1억원/월세60만원이하 AND NOT 보증제한사유,가구 규모·점유형태; 가구소득구간,재산·주택·채무·신용; 가입·이용·사건 이력; 기관 판단·상세 공고,거주형태로 임대계약금액·여신자격 대체 금지,,요약구조화; 완전 실행식 미작성,,,,2026.0,False,보증거절등급자,https://www.bokjiro.go.kr/ssis-tbu/twataa/wlfareInfo/moveTWAT52011M.do?wlfareInfoId=WLF00001079&wlfareInfoReldBztpCd=01,수집된 원문의 조건 검토; 최신공고·완전실행식·실제선정 정답 검증은 아님
80,WLF00006293,4·19혁명공로수당,국가보훈부 보상정책과,본인,추가정보·세부조건 확인 필요,419혁명참가 AND 건국포장 AND NOT 혁명사망/상이자,직접대응 없음,보훈·유족·수권; 가입·이용·사건 이력,노년태그는 연령자격이 아님,,요약구조화; 완전 실행식 미작성,,,,2026.0,False,건국포장을 받은,https://www.bokjiro.go.kr/ssis-tbu/twataa/wlfareInfo/moveTWAT52011M.do?wlfareInfoId=WLF00006293&wlfareInfoReldBztpCd=01,수집된 원문의 조건 검토; 최신공고·완전실행식·실제선정 정답 검증은 아님
81,WLF00006294,장애인 등록 신청,보건복지부 장애인정책과,본인,추가정보·세부조건 확인 필요,장애정도판정기준 충족 후 장애등록증발급,장애인복지카드 소유 응답,장애 유형·정도·법정 판정; 의료·피해·필요성·의사; 기관 판단·상세 공고,등록신청 서비스에서 이미등록장애만 필수로 만들면 신규신청 누락,,요약구조화; 완전 실행식 미작성,,,,2026.0,False,장애정도판정기준,https://www.bokjiro.go.kr/ssis-tbu/twataa/wlfareInfo/moveTWAT52011M.do?wlfareInfoId=WLF00006294&wlfareInfoReldBztpCd=01,수집된 원문의 조건 검토; 최신공고·완전실행식·실제선정 정답 검증은 아님
82,WLF00006296,국가보훈대상자 친환경차량(전기･수소차) 지원,국가보훈부 복지정책과,본인,추가정보·세부조건 확인 필요,지정 보훈대상/상이등급 AND 친환경차량 지원범위,직접대응 없음,보훈·유족·수권; 재산·주택·채무·신용; 가입·이용·사건 이력,카드소유와 보훈상이등급 다른 체계,,요약구조화; 완전 실행식 미작성,,,,2026.0,False,국가유공상이자,https://www.bokjiro.go.kr/ssis-tbu/twataa/wlfareInfo/moveTWAT52011M.do?wlfareInfoId=WLF00006296&wlfareInfoReldBztpCd=01,수집된 원문의 조건 검토; 최신공고·완전실행식·실제선정 정답 검증은 아님
83,WLF00006292,난임치료휴가급여 지원,고용노동부 고용문화개선정책과,본인·사업장,추가정보·세부조건 확인 필요,난임치료휴가사용 AND 우선지원기업근로자 AND 보험180일 AND 신청기간,조사주간 경제활동·직업; 성별,직역·사업장·경력·구직; 의료·피해·필요성·의사; 가입·이용·사건 이력; 정확한 기준시점·기간,여성만 또는 임신여부만으로 제한하지 않음,,요약구조화; 완전 실행식 미작성,,,,2026.0,False,남녀 근로자,https://www.bokjiro.go.kr/ssis-tbu/twataa/wlfareInfo/moveTWAT52011M.do?wlfareInfoId=WLF00006292&wlfareInfoReldBztpCd=01,수집된 원문의 조건 검토; 최신공고·완전실행식·실제선정 정답 검증은 아님
84,WLF00006282,보훈가족 심리재활서비스 지원,국가보훈부 보훈의료재활과,본인·유가족,추가정보·세부조건 확인 필요,법정보훈대상본인 OR 유가족,가구주관계·혼인·일부 자녀 응답,보훈·유족·수권; 가족·자녀·임신출산·양육,연령태그로 보훈자격 대체 금지,,요약구조화; 완전 실행식 미작성,,,,2026.0,False,본인 및 유가족,https://www.bokjiro.go.kr/ssis-tbu/twataa/wlfareInfo/moveTWAT52011M.do?wlfareInfoId=WLF00006282&wlfareInfoReldBztpCd=01,수집된 원문의 조건 검토; 최신공고·완전실행식·실제선정 정답 검증은 아님
85,WLF00006295,마을변호사,법무부 법무과,일반안내,일반안내 가능,모든주민 원격상담안내; 별도 지원요건 없음,직접대응 없음,일반안내 범위만 별도자격 없음,성인19세 하한 제거; 방문일정은 별도,,기존v3 부분실행식/안내식 있음,,,,2026.0,True,"별도의 지원대상, 지원요건은 없으며",https://www.bokjiro.go.kr/ssis-tbu/twataa/wlfareInfo/moveTWAT52011M.do?wlfareInfoId=WLF00006295&wlfareInfoReldBztpCd=01,수집된 원문의 조건 검토; 최신공고·완전실행식·실제선정 정답 검증은 아님
86,WLF00006288,서민금융진흥원 금융상품 알선,금융위원회 서민금융과,본인,추가정보·세부조건 확인 필요,맞춤금융상품 탐색희망 / 개별연계상품은 각각의 소득·신용요건,가구소득구간,의료·피해·필요성·의사; 재산·주택·채무·신용; 정책 기준 소득; 기관 판단·상세 공고,알선안내와 실제대출 승인 구분,,요약구조화; 완전 실행식 미작성,,,,2026.0,False,연계 금융상품별,https://www.bokjiro.go.kr/ssis-tbu/twataa/wlfareInfo/moveTWAT52011M.do?wlfareInfoId=WLF00006288&wlfareInfoReldBztpCd=01,수집된 원문의 조건 검토; 최신공고·완전실행식·실제선정 정답 검증은 아님
87,WLF00006241,정신질환자 치료비 지원 사업,보건복지부 정신건강정책과,본인,추가정보·세부조건 확인 필요,정신질환치료필요 AND (응급행정입원 OR 초발/외래치료 OR 지정코드진단5년 OR 정신응급센터),직접대응 없음,의료·피해·필요성·의사; 가입·이용·사건 이력; 정확한 기준시점·기간; 기관 판단·상세 공고,정신건강 주관응답을 질병코드·진단일로 대체 금지,,요약구조화; 완전 실행식 미작성,,,,2026.0,False,진단(F20,https://www.bokjiro.go.kr/ssis-tbu/twataa/wlfareInfo/moveTWAT52011M.do?wlfareInfoId=WLF00006241&wlfareInfoReldBztpCd=01,수집된 원문의 조건 검토; 최신공고·완전실행식·실제선정 정답 검증은 아님
88,WLF00006264,생활안정자금(융자)(이차보전),고용노동부 퇴직연금복지과,본인·사업장,추가정보·세부조건 확인 필요,근로자/특고/산재가입1인사업자 AND 재직/가입3개월 AND 개인월소득기준,조사주간 경제활동·직업; 가구소득구간,직역·사업장·경력·구직; 가입·이용·사건 이력; 정책 기준 소득; 정확한 기준시점·기간; 기관 판단·상세 공고,고용인없는 사업자 요건과3인가구중위소득 비교기준 분리,,요약구조화; 완전 실행식 미작성,,,,2026.0,False,은행에서 판단,https://www.bokjiro.go.kr/ssis-tbu/twataa/wlfareInfo/moveTWAT52011M.do?wlfareInfoId=WLF00006264&wlfareInfoReldBztpCd=01,수집된 원문의 조건 검토; 최신공고·완전실행식·실제선정 정답 검증은 아님
89,WLF00006289,위기임신 및 보호출산 지원,보건복지부 아동정책과,본인·아동·생부,추가정보·세부조건 확인 필요,임신중/분만6개월미만 위기임산부 OR 보호출산산모/아동/생부,가구주관계·혼인·일부 자녀 응답,가족·자녀·임신출산·양육; 의료·피해·필요성·의사; 가입·이용·사건 이력; 정확한 기준시점·기간,청년여성으로 일괄연령·성별 제한 금지,,요약구조화; 완전 실행식 미작성,,,,2026.0,False,"연령, 혼인여부, 소득 관계 없음",https://www.bokjiro.go.kr/ssis-tbu/twataa/wlfareInfo/moveTWAT52011M.do?wlfareInfoId=WLF00006289&wlfareInfoReldBztpCd=01,수집된 원문의 조건 검토; 최신공고·완전실행식·실제선정 정답 검증은 아님
90,WLF00006286,고졸 후학습자 장학사업(희망사다리Ⅱ유형),교육부 청년장학지원과,학생·근로자,추가정보·세부조건 확인 필요,국적 AND 최종고졸(전문학사예외) AND 대상대학재학·성적·재직요건; 나이는 선발점수,현재 국적; 학교급·재학상태; 조사주간 경제활동·직업,상세 학적·학업; 직역·사업장·경력·구직; 기관 판단·상세 공고; 가입·이용·사건 이력,청년가점=청년전용 아님;54세 점수기준을 상한으로 추출 금지,,요약구조화; 완전 실행식 미작성,,,,2026.0,False,연령(30점),https://www.bokjiro.go.kr/ssis-tbu/twataa/wlfareInfo/moveTWAT52011M.do?wlfareInfoId=WLF00006286&wlfareInfoReldBztpCd=01,수집된 원문의 조건 검토; 최신공고·완전실행식·실제선정 정답 검증은 아님
91,WLF00006285,영구 불임 예상 난자·정자 냉동 지원사업,보건복지부 출산정책과,본인,추가정보·세부조건 확인 필요,지정의학사유영구불임예상 AND 한국국적/주민등록 AND 건강보험; 재외·말소제외,현재 국적,의료·피해·필요성·의사; 이주배경·체류·특별신분; 가입·이용·사건 이력,임신 또는 특정성별을 필수로 고정하지 않음,,요약구조화; 완전 실행식 미작성,,,,2026.0,False,의학적 사유,https://www.bokjiro.go.kr/ssis-tbu/twataa/wlfareInfo/moveTWAT52011M.do?wlfareInfoId=WLF00006285&wlfareInfoReldBztpCd=01,수집된 원문의 조건 검토; 최신공고·완전실행식·실제선정 정답 검증은 아님
92,WLF00003242,국가예방접종 사업,질병관리청 예방접종관리과,본인·아동,추가정보·세부조건 확인 필요,어린이17종 / 65세이상폐렴 / HPV성별·출생연도·저소득 / 고위험 / 임신등독감코로나 경로,연령; 성별; 가구주관계·혼인·일부 자녀 응답,의료·피해·필요성·의사; 법정 급여·보호 자격; 가족·자녀·임신출산·양육; 가입·이용·사건 이력; 정확한 기준시점·기간,연령·출생연도·2025~26사업기간 혼재; 접종종류·이력 별도,"12세 이하와2013년이후 출생,2025~26사업기간 등 기준시점 혼재. 백신별 현재 공고 필요.",요약구조화; 완전 실행식 미작성,,,,2026.0,False,2013년 1월 1일,https://www.bokjiro.go.kr/ssis-tbu/twataa/wlfareInfo/moveTWAT52011M.do?wlfareInfoId=WLF00003242&wlfareInfoReldBztpCd=01,수집된 원문의 조건 검토; 최신공고·완전실행식·실제선정 정답 검증은 아님
93,WLF00006227,"유선전화(인터넷요금전화포함), 초고속(인터넷통신)요금감면",과학기술정보통신부 통신경쟁정책과,본인·기관,추가정보·세부조건 확인 필요,생계의료수급 OR 등록장애 OR 지정보훈 OR 지정시설단체 AND 감면대상통신계약,장애인복지카드 소유 응답,법정 급여·보호 자격; 장애 유형·정도·법정 판정; 보훈·유족·수권; 요금·공급·이용 계약; 기관·기업 자료,개인과기관경로 분리; 교육/주거급여만으로 생계의료경로 충족 아님,,요약구조화; 완전 실행식 미작성,,,,2026.0,False,"생계, 의료급여",https://www.bokjiro.go.kr/ssis-tbu/twataa/wlfareInfo/moveTWAT52011M.do?wlfareInfoId=WLF00006227&wlfareInfoReldBztpCd=01,수집된 원문의 조건 검토; 최신공고·완전실행식·실제선정 정답 검증은 아님
94,WLF00004997,한국형 상병수당 시범사업,보건복지부 건강보험정책국,본인·사업장,추가정보·세부조건 확인 필요,시범지역거주 또는 사업장 AND 15~64국적예외 AND 보험/사업요건 AND 상병무급기간 AND NOT 중복; 의료심사,연령; 지역; 조사주간 경제활동·직업; 현재 국적,세부 주소·사업지역; 직역·사업장·경력·구직; 가입·이용·사건 이력; 의료·피해·필요성·의사; 정책 기준 소득; 기관 판단·상세 공고; 정확한 기준시점·기간,종료지역·중복기재 지역 있어 현재공고 확인 필요; 시도만으로 시군구 판정 불가,2단계·3단계 지역이 중복 기재되고 종료지역 포함. 현재 참여지역·단계 확인 필요.,요약구조화; 완전 실행식 미작성,"2단계는 안양·대구달서·용인·익산,3단계는 전주·원주·충주·홍성으로 확인. 원문 중복지역은 단계별로 분리한다. 전체 지역별 선정규칙 검증은 별도.",국민건강보험공단 2026년 제도 안내,https://www.nhis.or.kr/renewal_popup/poster/20260204_poster_longdesc_1.html,2026.0,False,시범사업 지역 소재 사업장,https://www.bokjiro.go.kr/ssis-tbu/twataa/wlfareInfo/moveTWAT52011M.do?wlfareInfoId=WLF00004997&wlfareInfoReldBztpCd=01,수집된 원문의 조건 검토; 최신공고·완전실행식·실제선정 정답 검증은 아님
95,WLF00005032,전문아동보호비 지원,보건복지부 아동보호자립과,위탁가정·아동,추가정보·세부조건 확인 필요,위기분리/전문보호아동 AND 위탁가정공통기준 AND (위탁경력3년 OR 전문자격),가구주관계·혼인·일부 자녀 응답,가족·자녀·임신출산·양육; 가입·이용·사건 이력; 의료·피해·필요성·의사; 직역·사업장·경력·구직; 기관 판단·상세 공고,아동 장애를 보호자 장애로 코딩하지 않음,,요약구조화; 완전 실행식 미작성,,,,2026.0,False,전문위탁부모 자격,https://www.bokjiro.go.kr/ssis-tbu/twataa/wlfareInfo/moveTWAT52011M.do?wlfareInfoId=WLF00005032&wlfareInfoReldBztpCd=01,수집된 원문의 조건 검토; 최신공고·완전실행식·실제선정 정답 검증은 아님
96,WLF00005033,아동용품구입비 지원,보건복지부 아동보호자립과,위탁가정·아동,추가정보·세부조건 확인 필요,위기/전문위탁 책정 AND 전문위탁부모요건 AND 최초1회,가구주관계·혼인·일부 자녀 응답,가족·자녀·임신출산·양육; 가입·이용·사건 이력; 의료·피해·필요성·의사; 직역·사업장·경력·구직; 기관 판단·상세 공고,아동용품지원 대상선정이력과 과거지급 확인,,요약구조화; 완전 실행식 미작성,,,,2026.0,False,최초 1회,https://www.bokjiro.go.kr/ssis-tbu/twataa/wlfareInfo/moveTWAT52011M.do?wlfareInfoId=WLF00005033&wlfareInfoReldBztpCd=01,수집된 원문의 조건 검토; 최신공고·완전실행식·실제선정 정답 검증은 아님
97,WLF00001120,교육복지우선지원사업,교육부 학생지원총괄과,학생·학교,추가정보·세부조건 확인 필요,취약자격 중 하나 AND 종합교육필요 학교장인정 AND 사업학교,학교급·재학상태; 장애인복지카드 소유 응답; 가구주관계·혼인·일부 자녀 응답,법정 급여·보호 자격; 이주배경·체류·특별신분; 장애 유형·정도·법정 판정; 가족·자녀·임신출산·양육; 상세 학적·학업; 기관 판단·상세 공고,학교선정 수치40명은 개인가구원수 아님,,요약구조화; 완전 실행식 미작성,,,,2026.0,False,사업학교의 장이 인정,https://www.bokjiro.go.kr/ssis-tbu/twataa/wlfareInfo/moveTWAT52011M.do?wlfareInfoId=WLF00001120&wlfareInfoReldBztpCd=01,수집된 원문의 조건 검토; 최신공고·완전실행식·실제선정 정답 검증은 아님
98,WLF00003188,다문화·탈북학생 멘토링,교육부 학생지원총괄과,학생,추가정보·세부조건 확인 필요,유치원/초중고학생 AND (다문화가정 OR 탈북),학교급·재학상태; 가구주관계·혼인·일부 자녀 응답,이주배경·체류·특별신분; 가족·자녀·임신출산·양육; 상세 학적·학업,이주배경 주체와 학교급별조건 구분,,요약구조화; 완전 실행식 미작성,,,,2026.0,False,다문화 가정의 학생,https://www.bokjiro.go.kr/ssis-tbu/twataa/wlfareInfo/moveTWAT52011M.do?wlfareInfoId=WLF00003188&wlfareInfoReldBztpCd=01,수집된 원문의 조건 검토; 최신공고·완전실행식·실제선정 정답 검증은 아님
99,WLF00001142,북한배경학생 교육 지원(멘토링 지원 등),교육부 학생지원총괄과,학생,추가정보·세부조건 확인 필요,초중등학교재학 AND 탈북학생,학교급·재학상태,이주배경·체류·특별신분,현재국적으로 탈북여부 생성 금지,,요약구조화; 완전 실행식 미작성,,,,2026.0,False,탈북학생,https://www.bokjiro.go.kr/ssis-tbu/twataa/wlfareInfo/moveTWAT52011M.do?wlfareInfoId=WLF00001142&wlfareInfoReldBztpCd=01,수집된 원문의 조건 검토; 최신공고·완전실행식·실제선정 정답 검증은 아님
100,WLF00005445,자립준비청년(보호종료아동) 자립정착금 지원,보건복지부 청년정책팀,본인,추가정보·세부조건 확인 필요,15세후조기보호종료특례 OR 18세후보호종료,연령,가입·이용·사건 이력; 정확한 기준시점·기간,신청현재나이와 종료당시나이 분리,,요약구조화; 완전 실행식 미작성,,,,2026.0,False,보호가 조기 종료,https://www.bokjiro.go.kr/ssis-tbu/twataa/wlfareInfo/moveTWAT52011M.do?wlfareInfoId=WLF00005445&wlfareInfoReldBztpCd=01,수집된 원문의 조건 검토; 최신공고·완전실행식·실제선정 정답 검증은 아님
101,WLF00006283,체불 근로자 생계비 융자,고용노동부 퇴직연금복지과,본인·사업장,추가정보·세부조건 확인 필요,(재직 OR 퇴직6개월이내 OR 건설일용특례) AND 체불기간금액 AND NOT 신용제외,조사주간 경제활동·직업,직역·사업장·경력·구직; 가입·이용·사건 이력; 정책 기준 소득; 정확한 기준시점·기간,취업필수 단일변수 제거; 체불사실 별도,,기존v3 부분실행식/안내식 있음,,,,2026.0,False,6개월 이내에 퇴직,https://www.bokjiro.go.kr/ssis-tbu/twataa/wlfareInfo/moveTWAT52011M.do?wlfareInfoId=WLF00006283&wlfareInfoReldBztpCd=01,수집된 원문의 조건 검토; 최신공고·완전실행식·실제선정 정답 검증은 아님
102,WLF00000098,국가유공자재가복지지원,국가보훈부 복지서비스과,본인·유족,추가정보·세부조건 확인 필요,지정보훈 AND (65이상거동불편·독거노인부부·생활요건 OR 65미만퇴원/가정간호) 및 특례,연령; 가구 규모·점유형태; 가구주관계·혼인·일부 자녀 응답,보훈·유족·수권; 의료·피해·필요성·의사; 가족·자녀·임신출산·양육; 정책 기준 소득; 법정 급여·보호 자격; 가입·이용·사건 이력,65세 미만 전체제외 금지; 애국지사·상이1급 생활기준면제,,요약구조화; 완전 실행식 미작성,,,,2026.0,False,65세 미만일지라도,https://www.bokjiro.go.kr/ssis-tbu/twataa/wlfareInfo/moveTWAT52011M.do?wlfareInfoId=WLF00000098&wlfareInfoReldBztpCd=01,수집된 원문의 조건 검토; 최신공고·완전실행식·실제선정 정답 검증은 아님
103,WLF00000815,(북한이탈주민)주택알선 지원,통일부 교육기획과,본인,추가정보·세부조건 확인 필요,북한이탈주민 보호결정/법정비보호특례 AND 하나원주택배정절차,직접대응 없음,이주배경·체류·특별신분; 가입·이용·사건 이력; 기관 판단·상세 공고; 세부 주소·사업지역,국적·현거주지로 보호결정 또는 희망지역 확인 불가,,요약구조화; 완전 실행식 미작성,,,,2026.0,False,보호결정된 자,https://www.bokjiro.go.kr/ssis-tbu/twataa/wlfareInfo/moveTWAT52011M.do?wlfareInfoId=WLF00000815&wlfareInfoReldBztpCd=01,수집된 원문의 조건 검토; 최신공고·완전실행식·실제선정 정답 검증은 아님
104,WLF00001098,온가족보듬사업,성평등가족부 가족정책과,가구·일반안내,추가정보·세부조건 확인 필요,가족상담은 모든가족 / 사례관리·긴급지원은 필요성·위기판정,가구 규모·점유형태; 가구소득구간; 가구주관계·혼인·일부 자녀 응답,의료·피해·필요성·의사; 가족·자녀·임신출산·양육; 기관 판단·상세 공고; 정책 기준 소득,100%이하는 우선지원 가능기준; 일반상담과 현금/긴급서비스 구분,,요약구조화; 완전 실행식 미작성,,,,2026.0,False,가족상담의 경우 모든 가족,https://www.bokjiro.go.kr/ssis-tbu/twataa/wlfareInfo/moveTWAT52011M.do?wlfareInfoId=WLF00001098&wlfareInfoReldBztpCd=01,수집된 원문의 조건 검토; 최신공고·완전실행식·실제선정 정답 검증은 아님
105,WLF00004650,청소년성문화센터설치운영,성평등가족부 아동청소년성보호과,본인·교사·양육자,추가정보·세부조건 확인 필요,아동청소년/교사/양육자등 대상별성교육프로그램,연령; 학교급·재학상태; 가구주관계·혼인·일부 자녀 응답,가족·자녀·임신출산·양육; 직역·사업장·경력·구직; 기관 판단·상세 공고,성인 일반프로그램 존재; 청소년전용 및 자녀필수로 고정 금지,,기존v3 부분실행식/안내식 있음,,,,2026.0,True,"교사, 양육자 등 일반 국민",https://www.bokjiro.go.kr/ssis-tbu/twataa/wlfareInfo/moveTWAT52011M.do?wlfareInfoId=WLF00004650&wlfareInfoReldBztpCd=01,수집된 원문의 조건 검토; 최신공고·완전실행식·실제선정 정답 검증은 아님
106,WLF00001122,국가유공자 등 LPG차량 세금인상분 지원,국가보훈부 복지정책과,본인·가구,추가정보·세부조건 확인 필요,지정보훈상이등급 AND 본인/동일세대가족명의 비사업용LPG차량1대,가구주관계·혼인·일부 자녀 응답,보훈·유족·수권; 재산·주택·채무·신용; 가족·자녀·임신출산·양육; 가입·이용·사건 이력,가족명의 예외·차량연료·차량수 별도,,요약구조화; 완전 실행식 미작성,,,,2026.0,False,비사업용 차량 중 1대,https://www.bokjiro.go.kr/ssis-tbu/twataa/wlfareInfo/moveTWAT52011M.do?wlfareInfoId=WLF00001122&wlfareInfoReldBztpCd=01,수집된 원문의 조건 검토; 최신공고·완전실행식·실제선정 정답 검증은 아님
107,WLF00001187,최저임금적용제외 근로장애인 전환지원,고용노동부 장애인고용과,본인·시설,추가정보·세부조건 확인 필요,법정장애 AND 직업재활시설소속 AND 최저임금적용제외인가,조사주간 경제활동·직업; 장애인복지카드 소유 응답,장애 유형·정도·법정 판정; 직역·사업장·경력·구직; 가입·이용·사건 이력; 기관 판단·상세 공고,저임금 일반장애근로자와 구분,,요약구조화; 완전 실행식 미작성,,,,2026.0,False,최저임금 적용제외,https://www.bokjiro.go.kr/ssis-tbu/twataa/wlfareInfo/moveTWAT52011M.do?wlfareInfoId=WLF00001187&wlfareInfoReldBztpCd=01,수집된 원문의 조건 검토; 최신공고·완전실행식·실제선정 정답 검증은 아님
108,WLF00000063,(북한이탈주민)교육비 지원,통일부 자립지원과,본인·자녀,추가정보·세부조건 확인 필요,탈북본인/자녀 AND 대상학교; 대학유형별·성적·이전학위·지원기간제외,학교급·재학상태; 가구주관계·혼인·일부 자녀 응답,이주배경·체류·특별신분; 가족·자녀·임신출산·양육; 상세 학적·학업; 가입·이용·사건 이력; 정확한 기준시점·기간,탈북본인과 자녀의 학교범위 다름,,요약구조화; 완전 실행식 미작성,,,,2026.0,False,북한이탈주민의 자녀,https://www.bokjiro.go.kr/ssis-tbu/twataa/wlfareInfo/moveTWAT52011M.do?wlfareInfoId=WLF00000063&wlfareInfoReldBztpCd=01,수집된 원문의 조건 검토; 최신공고·완전실행식·실제선정 정답 검증은 아님
109,WLF00000086,(북한이탈주민) 탈북청소년 교육지원,통일부 자립지원과,본인·자녀,추가정보·세부조건 확인 필요,탈북청소년 또는 제3국출생탈북민자녀,연령; 현재 국적; 가구주관계·혼인·일부 자녀 응답,이주배경·체류·특별신분; 가족·자녀·임신출산·양육,출생국가/부모탈북여부 미관측,,요약구조화; 완전 실행식 미작성,,,,2026.0,False,제3국 출생,https://www.bokjiro.go.kr/ssis-tbu/twataa/wlfareInfo/moveTWAT52011M.do?wlfareInfoId=WLF00000086&wlfareInfoReldBztpCd=01,수집된 원문의 조건 검토; 최신공고·완전실행식·실제선정 정답 검증은 아님
110,WLF00005026,여성어업인 특화건강검진사업,해양수산부 소득복지과,본인,추가정보·세부조건 확인 필요,51세이상여성 AND 등록/확인서어업인 AND 영위증빙·지자체선정 AND NOT 농업검진대상,연령; 성별; 조사주간 경제활동·직업,직역·사업장·경력·구직; 가입·이용·사건 이력; 기관 판단·상세 공고,산업A는 농림어업통합으로 여성어업인 증빙 대체 불가,,요약구조화; 완전 실행식 미작성,,,,2026.0,False,어업인 확인서,https://www.bokjiro.go.kr/ssis-tbu/twataa/wlfareInfo/moveTWAT52011M.do?wlfareInfoId=WLF00005026&wlfareInfoReldBztpCd=01,수집된 원문의 조건 검토; 최신공고·완전실행식·실제선정 정답 검증은 아님
111,WLF00006277,서민금융진흥원 신용･부채관리 컨설팅,금융위원회 서민금융과,본인,추가정보·세부조건 확인 필요,정책서민금융상품이용 OR 업무협약기관이용,직접대응 없음,가입·이용·사건 이력,일반저소득 여부보다 상품·기관 이용이력 필요,,요약구조화; 완전 실행식 미작성,,,,2026.0,False,업무협약기관,https://www.bokjiro.go.kr/ssis-tbu/twataa/wlfareInfo/moveTWAT52011M.do?wlfareInfoId=WLF00006277&wlfareInfoReldBztpCd=01,수집된 원문의 조건 검토; 최신공고·완전실행식·실제선정 정답 검증은 아님
112,WLF00006276,서민금융진흥원 자영업 컨설팅,금융위원회 서민금융과,사업자·예비창업자,추가정보·세부조건 확인 필요,연소득4500만원이하 AND 신용하위20% AND 서민금융상품이용 AND 자영업/창업예정,조사주간 경제활동·직업; 가구소득구간,정책 기준 소득; 재산·주택·채무·신용; 직역·사업장·경력·구직; 가입·이용·사건 이력,현재자영업 미해당만으로 예비창업경로 제외 금지,,요약구조화; 완전 실행식 미작성,,,,2026.0,False,창업예정자,https://www.bokjiro.go.kr/ssis-tbu/twataa/wlfareInfo/moveTWAT52011M.do?wlfareInfoId=WLF00006276&wlfareInfoReldBztpCd=01,수집된 원문의 조건 검토; 최신공고·완전실행식·실제선정 정답 검증은 아님
113,WLF00006275,햇살론카드,금융위원회 서민금융과,본인,추가정보·세부조건 확인 필요,신용하위20% AND 신용카드미보유 AND 연가처분600만원이상 AND 필수교육; 채무조정성실상환예외,가구소득구간,재산·주택·채무·신용; 정책 기준 소득; 가입·이용·사건 이력; 정확한 기준시점·기간,소득상한 아니라 하한; 2026년4월 신용평점기준 별도,,요약구조화; 완전 실행식 미작성,,,,2026.0,False,개인신용카드를 미 보유,https://www.bokjiro.go.kr/ssis-tbu/twataa/wlfareInfo/moveTWAT52011M.do?wlfareInfoId=WLF00006275&wlfareInfoReldBztpCd=01,수집된 원문의 조건 검토; 최신공고·완전실행식·실제선정 정답 검증은 아님
114,WLF00006274,햇살론일반,금융위원회 서민금융과,본인,추가정보·세부조건 확인 필요,소득증빙 AND (연소득3500만원경로 OR 신용하위20% AND 연소득4500만원이하); 성실상환예외,가구소득구간,정책 기준 소득; 재산·주택·채무·신용; 가입·이용·사건 이력,원문 첫 경로에 이하가 빠짐: 추정으로 부등호를 확정하지 않음,첫 소득경로에 3500만원 이거나라고 기재되어 이하 등 비교연산자가 빠져 있음.,요약구조화; 완전 실행식 미작성,"연소득3500만원 이하는 신용점수와 무관한 경로이며,4500만원 이하 경로에는 신용하위20%가 함께 필요하다. 첫 경로의 누락된 이하를 공식 상품안내로 확인.",서민금융진흥원 햇살론일반,https://www.kinfa.or.kr/financialProduct/hessalLoanGeneral.do,2026.0,False,연소득 3천5백만원 이거나,https://www.bokjiro.go.kr/ssis-tbu/twataa/wlfareInfo/moveTWAT52011M.do?wlfareInfoId=WLF00006274&wlfareInfoReldBztpCd=01,수집된 원문의 조건 검토; 최신공고·완전실행식·실제선정 정답 검증은 아님
115,WLF00006273,햇살론특례,금융위원회 서민금융과,본인,추가정보·세부조건 확인 필요,신용하위20% AND 연소득3500만원이하; 채무조정성실상환6개월예외,가구소득구간,재산·주택·채무·신용; 정책 기준 소득; 가입·이용·사건 이력; 정확한 기준시점·기간,가구소득을 개인연소득으로 대체 금지,,요약구조화; 완전 실행식 미작성,,,,2026.0,False,개인신용평점 하위 20%,https://www.bokjiro.go.kr/ssis-tbu/twataa/wlfareInfo/moveTWAT52011M.do?wlfareInfoId=WLF00006273&wlfareInfoReldBztpCd=01,수집된 원문의 조건 검토; 최신공고·완전실행식·실제선정 정답 검증은 아님
116,WLF00006272,소상공인 특례 햇살론카드,금융위원회 서민금융과,사업자,추가정보·세부조건 확인 필요,개인사업 AND 신용하위50% AND 연가처분600만원이상 AND (필수교육 OR 컨설팅이수),조사주간 경제활동·직업; 가구소득구간,직역·사업장·경력·구직; 재산·주택·채무·신용; 정책 기준 소득; 가입·이용·사건 이력,가처분소득 하한과 신용상한을 분리,,요약구조화; 완전 실행식 미작성,,,,2026.0,False,개인사업자를 대상으로,https://www.bokjiro.go.kr/ssis-tbu/twataa/wlfareInfo/moveTWAT52011M.do?wlfareInfoId=WLF00006272&wlfareInfoReldBztpCd=01,수집된 원문의 조건 검토; 최신공고·완전실행식·실제선정 정답 검증은 아님
117,WLF00006271,햇살론119,금융위원회 서민금융과,사업자,추가정보·세부조건 확인 필요,사업자대출119/119Plus이용 AND 신청일연체없음 AND 연매출3억원이하,조사주간 경제활동·직업,직역·사업장·경력·구직; 재산·주택·채무·신용; 정책 기준 소득; 가입·이용·사건 이력; 정확한 기준시점·기간,자영업자라서 모두 받을 수 있는 대출 아님,,요약구조화; 완전 실행식 미작성,,,,2026.0,False,대출 신청일 현재 연체,https://www.bokjiro.go.kr/ssis-tbu/twataa/wlfareInfo/moveTWAT52011M.do?wlfareInfoId=WLF00006271&wlfareInfoReldBztpCd=01,수집된 원문의 조건 검토; 최신공고·완전실행식·실제선정 정답 검증은 아님
118,WLF00006267,서민금융진흥원 금융교육,금융위원회 서민금융과,본인,추가정보·세부조건 확인 필요,서민금융이용/취약자격/청년대학생/고령/장병 등 프로그램별대상,연령; 학교급·재학상태; 장애인복지카드 소유 응답,가입·이용·사건 이력; 법정 급여·보호 자격; 이주배경·체류·특별신분; 장애 유형·정도·법정 판정; 직역·사업장·경력·구직; 기관 판단·상세 공고,나이태그만으로 프로그램세부 대상·신청범위 확정 금지,,요약구조화; 완전 실행식 미작성,,,,2026.0,False,금융교육,https://www.bokjiro.go.kr/ssis-tbu/twataa/wlfareInfo/moveTWAT52011M.do?wlfareInfoId=WLF00006267&wlfareInfoReldBztpCd=01,수집된 원문의 조건 검토; 최신공고·완전실행식·실제선정 정답 검증은 아님
119,WLF00006270,중소기업 취업연계 장학사업 (희망사다리 I유형),교육부 청년장학지원과,학생,추가정보·세부조건 확인 필요,한국국적 AND 참여대학해당학년 AND 취창업의지·성적평가 AND 대학추천·재단심사,현재 국적; 학교급·재학상태,상세 학적·학업; 의료·피해·필요성·의사; 기관 판단·상세 공고,저소득은 우대만 허용; 의무소득상한 만들지 않음,,요약구조화; 완전 실행식 미작성,,,,2026.0,False,재단 심사 후 최종 선발,https://www.bokjiro.go.kr/ssis-tbu/twataa/wlfareInfo/moveTWAT52011M.do?wlfareInfoId=WLF00006270&wlfareInfoReldBztpCd=01,수집된 원문의 조건 검토; 최신공고·완전실행식·실제선정 정답 검증은 아님
120,WLF00006269,미소금융,금융위원회 서민금융과,본인·사업자,추가정보·세부조건 확인 필요,(차상위이하 OR 신용하위20% OR 근로장려금자격) AND 금융취약·상품별대상 AND NOT 연체회생제외,연령; 조사주간 경제활동·직업; 가구소득구간,법정 급여·보호 자격; 재산·주택·채무·신용; 정책 기준 소득; 직역·사업장·경력·구직; 가입·이용·사건 이력; 기관 판단·상세 공고,청년·사회초년·창업기간 경로를 전체연령상한에 병합하지 않음,,요약구조화; 완전 실행식 미작성,,,,2026.0,False,지원제외대상,https://www.bokjiro.go.kr/ssis-tbu/twataa/wlfareInfo/moveTWAT52011M.do?wlfareInfoId=WLF00006269&wlfareInfoReldBztpCd=01,수집된 원문의 조건 검토; 최신공고·완전실행식·실제선정 정답 검증은 아님
121,WLF00006268,불법사금융예방대출,금융위원회 서민금융과,본인,추가정보·세부조건 확인 필요,신용하위20% AND 개인연소득3500만원이하 AND (교육이수 OR 복지멤버십) AND NOT 체납등,가구소득구간,재산·주택·채무·신용; 정책 기준 소득; 가입·이용·사건 이력,교육과 멤버십은 대체경로,,요약구조화; 완전 실행식 미작성,,,,2026.0,False,금융교육 이수 또는,https://www.bokjiro.go.kr/ssis-tbu/twataa/wlfareInfo/moveTWAT52011M.do?wlfareInfoId=WLF00006268&wlfareInfoReldBztpCd=01,수집된 원문의 조건 검토; 최신공고·완전실행식·실제선정 정답 검증은 아님
122,WLF00006265,연탄쿠폰,산업통상자원부 석탄산업과,가구,추가정보·세부조건 확인 필요,수급/차상위/독거65이상/장애등 유형별 연탄쿠폰대상; 원문 구기준 재확인,연령; 가구 규모·점유형태; 가구소득구간; 장애인복지카드 소유 응답; 가구주관계·혼인·일부 자녀 응답,법정 급여·보호 자격; 장애 유형·정도·법정 판정; 가족·자녀·임신출산·양육; 정책 기준 소득; 요금·공급·이용 계약; 기관 판단·상세 공고,중위소득과 구 최저생계비 기준 혼재; 연탄사용 확인도 상세지침 필요,중위소득 기준과 최저생계비120/130% 등 과거 체계가 동시에 기재됨.,요약구조화; 완전 실행식 미작성,,,,2026.0,False,최저생계비의 120%,https://www.bokjiro.go.kr/ssis-tbu/twataa/wlfareInfo/moveTWAT52011M.do?wlfareInfoId=WLF00006265&wlfareInfoReldBztpCd=01,수집된 원문의 조건 검토; 최신공고·완전실행식·실제선정 정답 검증은 아님
123,WLF00000076,스포츠강좌이용권,문화체육관광부 체육진흥과,본인·가구,추가정보·세부조건 확인 필요,5~18세 AND (수급/차상위/법정한부모 OR 경찰추천범죄피해); 누적지원기간별선발,연령; 가구주관계·혼인·일부 자녀 응답,법정 급여·보호 자격; 가족·자녀·임신출산·양육; 의료·피해·필요성·의사; 가입·이용·사건 이력; 기관 판단·상세 공고,우선순위와 필수연령·자격을 구분,,요약구조화; 완전 실행식 미작성,,,,2026.0,False,누적 지원기간,https://www.bokjiro.go.kr/ssis-tbu/twataa/wlfareInfo/moveTWAT52011M.do?wlfareInfoId=WLF00000076&wlfareInfoReldBztpCd=01,수집된 원문의 조건 검토; 최신공고·완전실행식·실제선정 정답 검증은 아님
124,WLF00001146,시설 퇴소청소년 자립지원수당 지급,성평등가족부 청소년자립지원과,본인,추가정보·세부조건 확인 필요,퇴소5년이내 AND 18세이후퇴소 AND 과거3년중2년보호·직전6개월연속; 자립지원관특례,연령,가입·이용·사건 이력; 정확한 기준시점·기간,현재나이와 보호·퇴소이력 분리,,요약구조화; 완전 실행식 미작성,,,,2026.0,False,과거 3년 동안 2년,https://www.bokjiro.go.kr/ssis-tbu/twataa/wlfareInfo/moveTWAT52011M.do?wlfareInfoId=WLF00001146&wlfareInfoReldBztpCd=01,수집된 원문의 조건 검토; 최신공고·완전실행식·실제선정 정답 검증은 아님
125,WLF00001139,성매매 피해아동청소년 통합지원,성평등가족부 폭력예방교육과,본인,추가정보·세부조건 확인 필요,20세미만 AND 성매매피해 AND 통보/유관기관연계,연령,의료·피해·필요성·의사; 가입·이용·사건 이력; 기관 판단·상세 공고,전체 청소년 대상 아님,,요약구조화; 완전 실행식 미작성,,,,2026.0,False,주민등록상 20세 미만,https://www.bokjiro.go.kr/ssis-tbu/twataa/wlfareInfo/moveTWAT52011M.do?wlfareInfoId=WLF00001139&wlfareInfoReldBztpCd=01,수집된 원문의 조건 검토; 최신공고·완전실행식·실제선정 정답 검증은 아님
126,WLF00003186,양육비 이행 원스톱 종합서비스,성평등가족부 가족지원과,양육자,추가정보·세부조건 확인 필요,미성년자녀직접양육 한부모/조손/실질양육자 또는 재학생22미만·군복무예외,가구주관계·혼인·일부 자녀 응답,가족·자녀·임신출산·양육; 가입·이용·사건 이력; 정확한 기준시점·기간,법정한부모증명 불필요 경로; 소득·재산 제한 없음,,요약구조화; 완전 실행식 미작성,,,,2026.0,False,증명서가 발급되지 않는,https://www.bokjiro.go.kr/ssis-tbu/twataa/wlfareInfo/moveTWAT52011M.do?wlfareInfoId=WLF00003186&wlfareInfoReldBztpCd=01,수집된 원문의 조건 검토; 최신공고·완전실행식·실제선정 정답 검증은 아님
127,WLF00003254,청소년방과후아카데미운영지원,성평등가족부,학생,추가정보·세부조건 확인 필요,초4~중3 AND 방과후돌봄필요 AND (취약우선 OR 추천·협의회승인),학교급·재학상태; 가구주관계·혼인·일부 자녀 응답,상세 학적·학업; 의료·피해·필요성·의사; 가족·자녀·임신출산·양육; 법정 급여·보호 자격; 기관 판단·상세 공고,학교급만으로 학년·돌봄필요 확인 불가,,요약구조화; 완전 실행식 미작성,,,,,False,지원협의회,https://www.bokjiro.go.kr/ssis-tbu/twataa/wlfareInfo/moveTWAT52011M.do?wlfareInfoId=WLF00003254&wlfareInfoReldBztpCd=01,수집된 원문의 조건 검토; 최신공고·완전실행식·실제선정 정답 검증은 아님
128,WLF00003268,가정위탁아동 상해보험료 지원,보건복지부,아동,추가정보·세부조건 확인 필요,가정위탁보호결정 OR 연장보호 OR 일시위탁,가구주관계·혼인·일부 자녀 응답,가족·자녀·임신출산·양육; 가입·이용·사건 이력; 기관 판단·상세 공고,자녀관계·가구원수로 위탁행정결정 추정 금지,,요약구조화; 완전 실행식 미작성,,,,,False,보호아동으로 결정된,https://www.bokjiro.go.kr/ssis-tbu/twataa/wlfareInfo/moveTWAT52011M.do?wlfareInfoId=WLF00003268&wlfareInfoReldBztpCd=01,수집된 원문의 조건 검토; 최신공고·완전실행식·실제선정 정답 검증은 아님
129,WLF00003230,영주귀국 사할린한인 정착비 및 시설운영 지원,보건복지부,본인·가족,추가정보·세부조건 확인 필요,영주귀국사할린한인1세 및 배우자·자녀와배우자 법정범위,현재 국적; 가구주관계·혼인·일부 자녀 응답,이주배경·체류·특별신분; 가족·자녀·임신출산·양육; 가입·이용·사건 이력; 정확한 기준시점·기간,개정전 직계비속1인과 개정후 자녀범위 버전 구분,,요약구조화; 완전 실행식 미작성,,,,,False,2024.7.17.,https://www.bokjiro.go.kr/ssis-tbu/twataa/wlfareInfo/moveTWAT52011M.do?wlfareInfoId=WLF00003230&wlfareInfoReldBztpCd=01,수집된 원문의 조건 검토; 최신공고·완전실행식·실제선정 정답 검증은 아님
130,WLF00003266,직업훈련생계비대부,고용노동부,본인·가구,추가정보·세부조건 확인 필요,(비정규보험가입 OR 전직실업 OR 무급휴직 OR 자영업보험가입) AND 140시간이상훈련 AND 유형별소득80/100/120%,조사주간 경제활동·직업; 가구소득구간,직역·사업장·경력·구직; 가입·이용·사건 이력; 정책 기준 소득; 정확한 기준시점·기간,실업급여수급 제외; 소득120%로 모든경로 통합 금지,,요약구조화; 완전 실행식 미작성,,,,,False,총 140시간 이상,https://www.bokjiro.go.kr/ssis-tbu/twataa/wlfareInfo/moveTWAT52011M.do?wlfareInfoId=WLF00003266&wlfareInfoReldBztpCd=01,수집된 원문의 조건 검토; 최신공고·완전실행식·실제선정 정답 검증은 아님
131,WLF00004637,TV수신료 면제,방송통신위원회,가구·수상기,추가정보·세부조건 확인 필요,지정수급/보훈/시청각장애 OR 압류/질권/휴업/전력량/난시청등 수상기별면제,장애인복지카드 소유 응답,법정 급여·보호 자격; 보훈·유족·수권; 장애 유형·정도·법정 판정; 요금·공급·이용 계약; 가입·이용·사건 이력; 세부 주소·사업지역,법정자격 없는 대체경로도 존재; TV·전기계약이 판정단위,,요약구조화; 완전 실행식 미작성,,,,,False,월 50킬로와트 미만,https://www.bokjiro.go.kr/ssis-tbu/twataa/wlfareInfo/moveTWAT52011M.do?wlfareInfoId=WLF00004637&wlfareInfoReldBztpCd=01,수집된 원문의 조건 검토; 최신공고·완전실행식·실제선정 정답 검증은 아님
132,WLF00006229,"국민내일배움카드제 직업훈련지원(훈련비, 훈련장려금)",고용노동부,본인,추가정보·세부조건 확인 필요,75세미만국민 AND NOT 공무원/교직원/학년·잔여학기/매출·임금등제외,연령; 현재 국적; 학교급·재학상태; 조사주간 경제활동·직업; 가구소득구간,직역·사업장·경력·구직; 상세 학적·학업; 정책 기준 소득; 가입·이용·사건 이력,제외목록을 학생·자영업 필수조건으로 뒤집지 않음,,기존v3 부분실행식/안내식 있음,,,,,False,75세 미만,https://www.bokjiro.go.kr/ssis-tbu/twataa/wlfareInfo/moveTWAT52011M.do?wlfareInfoId=WLF00006229&wlfareInfoReldBztpCd=01,수집된 원문의 조건 검토; 최신공고·완전실행식·실제선정 정답 검증은 아님
133,WLF00003207,영농도우미 지원,농림축산식품부,본인·자녀·농업경영체,추가정보·세부조건 확인 필요,법인아닌등록농업인·5ha미만 AND (본인/대상자녀사고질병 OR 중증치료 OR 감염격리 OR 교육참여),조사주간 경제활동·직업; 가구주관계·혼인·일부 자녀 응답,직역·사업장·경력·구직; 가족·자녀·임신출산·양육; 의료·피해·필요성·의사; 가입·이용·사건 이력; 정확한 기준시점·기간,안전교육 대체경로·자녀출생연도·지원인원한도 분리,,요약구조화; 완전 실행식 미작성,,,,,False,농지 경작면적 5ha미만,https://www.bokjiro.go.kr/ssis-tbu/twataa/wlfareInfo/moveTWAT52011M.do?wlfareInfoId=WLF00003207&wlfareInfoReldBztpCd=01,수집된 원문의 조건 검토; 최신공고·완전실행식·실제선정 정답 검증은 아님
134,WLF00001182,학교우유급식,농림축산식품부,학생·학교,추가정보·세부조건 확인 필요,초중등학생 AND (수급/차상위/법정한부모/특수교육/교육비/보훈자녀 OR 확대선정시도) AND NOT 우유바우처지역,학교급·재학상태; 지역; 장애인복지카드 소유 응답; 가구주관계·혼인·일부 자녀 응답,법정 급여·보호 자격; 장애 유형·정도·법정 판정; 보훈·유족·수권; 가족·자녀·임신출산·양육; 상세 학적·학업; 세부 주소·사업지역; 기관 판단·상세 공고; 가입·이용·사건 이력,학생에게 모든 저소득조건 AND로 요구하지 않음,,요약구조화; 완전 실행식 미작성,,,,,False,공모를 통해 선정된,https://www.bokjiro.go.kr/ssis-tbu/twataa/wlfareInfo/moveTWAT52011M.do?wlfareInfoId=WLF00001182&wlfareInfoReldBztpCd=01,수집된 원문의 조건 검토; 최신공고·완전실행식·실제선정 정답 검증은 아님
135,WLF00003243,보훈요양원 이용지원,국가보훈부,본인·가족,추가정보·세부조건 확인 필요,보훈요양원입소 AND 지정보훈가족 AND (생활곤란소득100% OR 조사면제특례),가구소득구간; 가구주관계·혼인·일부 자녀 응답,보훈·유족·수권; 가족·자녀·임신출산·양육; 의료·피해·필요성·의사; 가입·이용·사건 이력; 정책 기준 소득; 법정 급여·보호 자격,시설입소 사실과 보훈가족관계 미관측,,요약구조화; 완전 실행식 미작성,,,,,False,보훈요양원 입소자,https://www.bokjiro.go.kr/ssis-tbu/twataa/wlfareInfo/moveTWAT52011M.do?wlfareInfoId=WLF00003243&wlfareInfoReldBztpCd=01,수집된 원문의 조건 검토; 최신공고·완전실행식·실제선정 정답 검증은 아님
136,WLF00001170,장기요양급여 이용지원,국가보훈부,본인·가족,추가정보·세부조건 확인 필요,지정보훈가족 AND 장기요양등급 AND 급여이용 AND (생활곤란 OR 조사면제),연령; 가구소득구간; 가구주관계·혼인·일부 자녀 응답,보훈·유족·수권; 가족·자녀·임신출산·양육; 의료·피해·필요성·의사; 가입·이용·사건 이력; 정책 기준 소득; 법정 급여·보호 자격,단순65세 이상만으로 요양등급 부여 금지,,요약구조화; 완전 실행식 미작성,,,,,False,요양등급(1~5등급,https://www.bokjiro.go.kr/ssis-tbu/twataa/wlfareInfo/moveTWAT52011M.do?wlfareInfoId=WLF00001170&wlfareInfoReldBztpCd=01,수집된 원문의 조건 검토; 최신공고·완전실행식·실제선정 정답 검증은 아님
137,WLF00000025,장애인일자리지원,보건복지부,본인,추가정보·세부조건 확인 필요,18세이상등록장애미취업 AND NOT 보험직장/사업자/중복참여등 제외; 종료예정·반복참여예외,연령; 조사주간 경제활동·직업; 장애인복지카드 소유 응답,장애 유형·정도·법정 판정; 직역·사업장·경력·구직; 가입·이용·사건 이력; 기관 판단·상세 공고; 정확한 기준시점·기간,신청현재취업자라도 시작전종료 예외; 사업자등록과 지난주경제활동 구분,,요약구조화; 완전 실행식 미작성,,,,,False,근로종료일이,https://www.bokjiro.go.kr/ssis-tbu/twataa/wlfareInfo/moveTWAT52011M.do?wlfareInfoId=WLF00000025&wlfareInfoReldBztpCd=01,수집된 원문의 조건 검토; 최신공고·완전실행식·실제선정 정답 검증은 아님
138,WLF00001133,장애인 건강검진기관 지원,보건복지부,기관·개인이용,기관·사업주 지원 경로 중심,장애인건강검진기관 지정지원 / 장애인·거동불편노인등 이용안내,연령,기관·기업 자료; 의료·피해·필요성·의사; 가입·이용·사건 이력; 기관 판단·상세 공고,기관보조금과 이용자 건강검진 자격 별도,,요약구조화; 완전 실행식 미작성,,,,,False,기관 중 장애인 건강검진 기관,https://www.bokjiro.go.kr/ssis-tbu/twataa/wlfareInfo/moveTWAT52011M.do?wlfareInfoId=WLF00001133&wlfareInfoReldBztpCd=01,수집된 원문의 조건 검토; 최신공고·완전실행식·실제선정 정답 검증은 아님
139,WLF00004660,고령자 고용지원금,고용노동부,사업주,기관·사업주 지원 경로 중심,사업적용1년이상 AND 60세이상장기보험근로자수의 분기평균증가,직접대응 없음,기관·기업 자료; 직역·사업장·경력·구직; 가입·이용·사건 이력; 정확한 기준시점·기간,개인 노년정책수에 사업주지원금을 넣지 않음,,요약구조화; 완전 실행식 미작성,,,,,False,수가 증가하는 사업주,https://www.bokjiro.go.kr/ssis-tbu/twataa/wlfareInfo/moveTWAT52011M.do?wlfareInfoId=WLF00004660&wlfareInfoReldBztpCd=01,수집된 원문의 조건 검토; 최신공고·완전실행식·실제선정 정답 검증은 아님
140,WLF00000032,실종아동 등 보호 및 지원,보건복지부,본인·가족,추가정보·세부조건 확인 필요,실종당시18미만 또는 지적/자폐/정신장애실종 AND 신고연계,장애인복지카드 소유 응답; 가구주관계·혼인·일부 자녀 응답,의료·피해·필요성·의사; 장애 유형·정도·법정 판정; 가족·자녀·임신출산·양육; 가입·이용·사건 이력; 정확한 기준시점·기간,현재나이와 실종당시나이 분리,,요약구조화; 완전 실행식 미작성,,,,,False,실종당시 18세 미만,https://www.bokjiro.go.kr/ssis-tbu/twataa/wlfareInfo/moveTWAT52011M.do?wlfareInfoId=WLF00000032&wlfareInfoReldBztpCd=01,수집된 원문의 조건 검토; 최신공고·완전실행식·실제선정 정답 검증은 아님
141,WLF00001180,학대피해아동 쉼터 설치 및 운영,보건복지부,아동,추가정보·세부조건 확인 필요,학대피해 AND 현장조사결과 격리보호필요,직접대응 없음,의료·피해·필요성·의사; 가입·이용·사건 이력; 기관 판단·상세 공고,제목에 설치운영이 있어도 본문 이용아동 조건 따로 존재,,요약구조화; 완전 실행식 미작성,,,,,False,격리보호가 필요,https://www.bokjiro.go.kr/ssis-tbu/twataa/wlfareInfo/moveTWAT52011M.do?wlfareInfoId=WLF00001180&wlfareInfoReldBztpCd=01,수집된 원문의 조건 검토; 최신공고·완전실행식·실제선정 정답 검증은 아님
142,WLF00004639,전기요금 복지할인,기후에너지환경부,가구,추가정보·세부조건 확인 필요,수급/차상위 OR 5인가구 OR 3자녀손자녀 OR 지정장애/보훈 AND 대상전기계약,가구 규모·점유형태; 장애인복지카드 소유 응답; 가구주관계·혼인·일부 자녀 응답,법정 급여·보호 자격; 가족·자녀·임신출산·양육; 장애 유형·정도·법정 판정; 보훈·유족·수권; 요금·공급·이용 계약,사회조사4인이상으로 5인 확정 불가; 구 장애등급 표현 별도확인,구 장애1~3급·최저생계비130% 표현과 현행급여 설명 혼재. 적용기준 확인 필요.,요약구조화; 완전 실행식 미작성,,,,,False,가구원수가 5인 이상,https://www.bokjiro.go.kr/ssis-tbu/twataa/wlfareInfo/moveTWAT52011M.do?wlfareInfoId=WLF00004639&wlfareInfoReldBztpCd=01,수집된 원문의 조건 검토; 최신공고·완전실행식·실제선정 정답 검증은 아님
143,WLF00000099,저소득장애인 진단서 발급비 및 검사비 지원사업,보건복지부,본인,추가정보·세부조건 확인 필요,신규등록필요수급 OR 재판정수급차상위 OR 직권재판정일반; 조정/이의신청제외,장애인복지카드 소유 응답,장애 유형·정도·법정 판정; 법정 급여·보호 자격; 의료·피해·필요성·의사; 가입·이용·사건 이력; 기관 판단·상세 공고,신규신청자는 미등록 가능; 저소득도 전체경로 필수 아님,,요약구조화; 완전 실행식 미작성,,,,,False,직권 재판정,https://www.bokjiro.go.kr/ssis-tbu/twataa/wlfareInfo/moveTWAT52011M.do?wlfareInfoId=WLF00000099&wlfareInfoReldBztpCd=01,수집된 원문의 조건 검토; 최신공고·완전실행식·실제선정 정답 검증은 아님
144,WLF00006217,출소(예정)자 취업지원사업(허그일자리지원),법무부,본인,추가정보·세부조건 확인 필요,형사/보호처분 AND (출소18이상 OR 위기청소년15이상) AND NOT 재참여/취업/학업등제외 AND 취업의사,연령; 현재 국적; 조사주간 경제활동·직업; 학교급·재학상태,가입·이용·사건 이력; 직역·사업장·경력·구직; 상세 학적·학업; 의료·피해·필요성·의사; 기관 판단·상세 공고,일반실업청년과 구분; 예외없는 주간전일제만 제외,,요약구조화; 완전 실행식 미작성,,,,,False,형사처분 또는 보호처분,https://www.bokjiro.go.kr/ssis-tbu/twataa/wlfareInfo/moveTWAT52011M.do?wlfareInfoId=WLF00006217&wlfareInfoReldBztpCd=01,수집된 원문의 조건 검토; 최신공고·완전실행식·실제선정 정답 검증은 아님
145,WLF00000027,장애인 운전교육 사업,보건복지부,본인,추가정보·세부조건 확인 필요,대상장애/영구장애소견 AND (지정면허조건 OR 수급면제) AND 대상면허종류 AND 소지/취득희망,장애인복지카드 소유 응답,장애 유형·정도·법정 판정; 의료·피해·필요성·의사; 법정 급여·보호 자격; 가입·이용·사건 이력,"4개분류는 AND, 분류내 항목은 OR; 면허미소지자도 신청가능",,요약구조화; 완전 실행식 미작성,,,,,False,4가지 분류별,https://www.bokjiro.go.kr/ssis-tbu/twataa/wlfareInfo/moveTWAT52011M.do?wlfareInfoId=WLF00000027&wlfareInfoReldBztpCd=01,수집된 원문의 조건 검토; 최신공고·완전실행식·실제선정 정답 검증은 아님
146,WLF00004658,과학문화 바우처 지원,과학기술정보통신부,본인·가구,추가정보·세부조건 확인 필요,6세이상 AND (수급 OR 차상위 OR 법정한부모); 선정기준의 학령기·신규이용기준 관계 재확인,연령; 학교급·재학상태; 가구주관계·혼인·일부 자녀 응답,법정 급여·보호 자격; 가족·자녀·임신출산·양육; 가입·이용·사건 이력; 기관 판단·상세 공고; 정확한 기준시점·기간,본문 연령·출생연도 및 기준역할 명료화 필요,6세 이상과2019.12.31 출생경계의 기준연도 및 학령기 선정목록 역할 확인 필요.,요약구조화; 완전 실행식 미작성,,,,,False,2019.12.31 이전,https://www.bokjiro.go.kr/ssis-tbu/twataa/wlfareInfo/moveTWAT52011M.do?wlfareInfoId=WLF00004658&wlfareInfoReldBztpCd=01,수집된 원문의 조건 검토; 최신공고·완전실행식·실제선정 정답 검증은 아님
147,WLF00000031,노후준비서비스,보건복지부,일반안내,추가정보·세부조건 확인 필요,일반국민 노후준비 진단·상담·교육 안내,현재 국적,의료·피해·필요성·의사; 기관 판단·상세 공고,노년전용 아님; 본문 기준연도 공란·외국국적 범위 미명시,,기존v3 부분실행식/안내식 있음,,,,,True,일반 국민 모두,https://www.bokjiro.go.kr/ssis-tbu/twataa/wlfareInfo/moveTWAT52011M.do?wlfareInfoId=WLF00000031&wlfareInfoReldBztpCd=01,수집된 원문의 조건 검토; 최신공고·완전실행식·실제선정 정답 검증은 아님
148,WLF00003215,한센인 피해자지원,보건복지부,본인,추가정보·세부조건 확인 필요,한센피해위원회인정 생존피해자 / 의료지원은 추가지급결정,직접대응 없음,의료·피해·필요성·의사; 가입·이용·사건 이력; 기관 판단·상세 공고,질병여부만으로 국가피해사건 인정 대체 금지; 위로금소득무관,,요약구조화; 완전 실행식 미작성,,,,,False,피해자로 결정한,https://www.bokjiro.go.kr/ssis-tbu/twataa/wlfareInfo/moveTWAT52011M.do?wlfareInfoId=WLF00003215&wlfareInfoReldBztpCd=01,수집된 원문의 조건 검토; 최신공고·완전실행식·실제선정 정답 검증은 아님
149,WLF00000089,다함께 돌봄 사업,보건복지부,아동,추가정보·세부조건 확인 필요,6~12세 AND 돌봄필요; 센터별우선순위와 이용료,연령; 가구주관계·혼인·일부 자녀 응답,가족·자녀·임신출산·양육; 의료·피해·필요성·의사; 세부 주소·사업지역; 기관 판단·상세 공고,"맞벌이·다자녀는 우선예시, 필수 아님",,요약구조화; 완전 실행식 미작성,,,,,False,소득수준과 무관,https://www.bokjiro.go.kr/ssis-tbu/twataa/wlfareInfo/moveTWAT52011M.do?wlfareInfoId=WLF00000089&wlfareInfoReldBztpCd=01,수집된 원문의 조건 검토; 최신공고·완전실행식·실제선정 정답 검증은 아님
150,WLF00005448,다문화가족 자녀 교육활동비 지원,성평등가족부,자녀·가구,추가정보·세부조건 확인 필요,7~18세다문화자녀 AND 소득100%이하 AND NOT 교육급여중복,연령; 가구소득구간; 가구주관계·혼인·일부 자녀 응답,이주배경·체류·특별신분; 가족·자녀·임신출산·양육; 정책 기준 소득; 법정 급여·보호 자격; 가입·이용·사건 이력,수급자를 우선/필수로 반대로 코딩하지 않음,,요약구조화; 완전 실행식 미작성,,,,,False,중복 지원 불가,https://www.bokjiro.go.kr/ssis-tbu/twataa/wlfareInfo/moveTWAT52011M.do?wlfareInfoId=WLF00005448&wlfareInfoReldBztpCd=01,수집된 원문의 조건 검토; 최신공고·완전실행식·실제선정 정답 검증은 아님
151,WLF00001113,(특수교육대상자) 치료지원서비스,교육부,학생,추가정보·세부조건 확인 필요,특수교육대상판정 AND 치료지원필요·영역선정,학교급·재학상태; 장애인복지카드 소유 응답,상세 학적·학업; 장애 유형·정도·법정 판정; 의료·피해·필요성·의사; 기관 판단·상세 공고,등록장애와 특수교육판정 같지 않음,,요약구조화; 완전 실행식 미작성,,,,,False,특수교육대상자,https://www.bokjiro.go.kr/ssis-tbu/twataa/wlfareInfo/moveTWAT52011M.do?wlfareInfoId=WLF00001113&wlfareInfoReldBztpCd=01,수집된 원문의 조건 검토; 최신공고·완전실행식·실제선정 정답 검증은 아님
152,WLF00003252,노인보호전문기관,보건복지부,본인·가족·행위자,추가정보·세부조건 확인 필요,학대피해노인 OR 가족 OR 학대행위자,연령; 가구주관계·혼인·일부 자녀 응답,의료·피해·필요성·의사; 가족·자녀·임신출산·양육,모든 이용자가 노년이어야 하는 사업 아님,,요약구조화; 완전 실행식 미작성,,,,,False,학대행위자,https://www.bokjiro.go.kr/ssis-tbu/twataa/wlfareInfo/moveTWAT52011M.do?wlfareInfoId=WLF00003252&wlfareInfoReldBztpCd=01,수집된 원문의 조건 검토; 최신공고·완전실행식·실제선정 정답 검증은 아님
153,WLF00003232,농업인안전보험,농림축산식품부,본인·사업주,추가정보·세부조건 확인 필요,15~87농업인(산재형84) AND 등록경영체·계약 AND 보험중복/사기제외예외 / 90일미만근로자보험은 경영주신청,연령; 조사주간 경제활동·직업,직역·사업장·경력·구직; 기관·기업 자료; 가입·이용·사건 이력; 정확한 기준시점·기간,농업인 본인과 고용주·피보험자 나이 분리,,요약구조화; 완전 실행식 미작성,,,,,False,90일 미만,https://www.bokjiro.go.kr/ssis-tbu/twataa/wlfareInfo/moveTWAT52011M.do?wlfareInfoId=WLF00003232&wlfareInfoReldBztpCd=01,수집된 원문의 조건 검토; 최신공고·완전실행식·실제선정 정답 검증은 아님
154,WLF00006226,"저소득층, 사회적 배려대상 및 다자녀가구 지역난방 열요금 지원",기후에너지환경부,가구,추가정보·세부조건 확인 필요,지역난방공사 공급건물거주 AND (급여/차상위 OR 중증장애 OR 지정보훈 OR 3자녀),가구 규모·점유형태; 지역; 장애인복지카드 소유 응답; 가구주관계·혼인·일부 자녀 응답,요금·공급·이용 계약; 법정 급여·보호 자격; 장애 유형·정도·법정 판정; 보훈·유족·수권; 가족·자녀·임신출산·양육; 세부 주소·사업지역,주소·사업자·세대관계 미관측; 단순지역시도만으로 공급권역 판정 불가,,요약구조화; 완전 실행식 미작성,,,,,False,한국지역난방공사,https://www.bokjiro.go.kr/ssis-tbu/twataa/wlfareInfo/moveTWAT52011M.do?wlfareInfoId=WLF00006226&wlfareInfoReldBztpCd=01,수집된 원문의 조건 검토; 최신공고·완전실행식·실제선정 정답 검증은 아님
155,WLF00006225,지역난방기본요금감면,기후에너지환경부,시설·주택,추가정보·세부조건 확인 필요,사회복지시설 OR 지정공공임대주택·면적조건; 지역난방기본요금감면,가구 규모·점유형태,기관·기업 자료; 재산·주택·채무·신용; 요금·공급·이용 계약,세부 주택유형별 면적적용범위 원문만으로 불명료,나열된 임대주택 유형 각각에60㎡조건이 적용되는지 본문만으로 명료하지 않음.,요약구조화; 완전 실행식 미작성,,,,,False,전용면적 60㎡ 이하,https://www.bokjiro.go.kr/ssis-tbu/twataa/wlfareInfo/moveTWAT52011M.do?wlfareInfoId=WLF00006225&wlfareInfoReldBztpCd=01,수집된 원문의 조건 검토; 최신공고·완전실행식·실제선정 정답 검증은 아님
156,WLF00000040,선천성대사이상 검사 및 환아관리,보건복지부,영아·환아,추가정보·세부조건 확인 필요,신생아외래선별/확진검사 경로 OR 19세미만지정진단환아관리; 검사시점·보험·식이품목별조건,연령; 가구주관계·혼인·일부 자녀 응답,가족·자녀·임신출산·양육; 의료·피해·필요성·의사; 가입·이용·사건 이력; 정확한 기준시점·기간,검사비와 확진환아 지원을 합쳐 질병확진을 모든경로에 요구하지 않음,,요약구조화; 완전 실행식 미작성,,,,,False,확진검사 결과,https://www.bokjiro.go.kr/ssis-tbu/twataa/wlfareInfo/moveTWAT52011M.do?wlfareInfoId=WLF00000040&wlfareInfoReldBztpCd=01,수집된 원문의 조건 검토; 최신공고·완전실행식·실제선정 정답 검증은 아님
157,WLF00001130,선천성 난청검사 및 보청기 지원,보건복지부,영아·아동,추가정보·세부조건 확인 필요,신생아난청선별/재검확진 OR 12세미만난청보청기·역치조건,가구주관계·혼인·일부 자녀 응답,가족·자녀·임신출산·양육; 의료·피해·필요성·의사; 가입·이용·사건 이력; 정확한 기준시점·기간,장애등록 안되는 청력역치도 대상; 장애카드 필수 아님,,요약구조화; 완전 실행식 미작성,,,,,False,40~59dB,https://www.bokjiro.go.kr/ssis-tbu/twataa/wlfareInfo/moveTWAT52011M.do?wlfareInfoId=WLF00001130&wlfareInfoReldBztpCd=01,수집된 원문의 조건 검토; 최신공고·완전실행식·실제선정 정답 검증은 아님
158,WLF00000033,노인복지민간단체지원,보건복지부,기관,기관·사업주 지원 경로 중심,허가등록비영리단체 AND 전국사업수행가능 AND 심사선정,직접대응 없음,기관·기업 자료; 기관 판단·상세 공고,개인노인에게 직접 주는 급여 아님,,요약구조화; 완전 실행식 미작성,,,,,False,전국적인 사업수행,https://www.bokjiro.go.kr/ssis-tbu/twataa/wlfareInfo/moveTWAT52011M.do?wlfareInfoId=WLF00000033&wlfareInfoReldBztpCd=01,수집된 원문의 조건 검토; 최신공고·완전실행식·실제선정 정답 검증은 아님
159,WLF00001093,독거노인·장애인 응급안전안심서비스,보건복지부,가구,추가정보·세부조건 확인 필요,보호필요 AND (65이상실제독거 OR 노인2인자격/질환 OR 조손특례 OR 장애활동지원/지자체인정) AND NOT 24시간활동지원,연령; 가구 규모·점유형태; 장애인복지카드 소유 응답; 가구주관계·혼인·일부 자녀 응답,가족·자녀·임신출산·양육; 법정 급여·보호 자격; 장애 유형·정도·법정 판정; 의료·피해·필요성·의사; 가입·이용·사건 이력; 기관 판단·상세 공고,조사1인가구는 참고관측; 조손을2인가구로 대체 금지,,요약구조화; 완전 실행식 미작성,,,,,False,실제로 혼자 살고있는,https://www.bokjiro.go.kr/ssis-tbu/twataa/wlfareInfo/moveTWAT52011M.do?wlfareInfoId=WLF00001093&wlfareInfoReldBztpCd=01,수집된 원문의 조건 검토; 최신공고·완전실행식·실제선정 정답 검증은 아님
160,WLF00000896,중독관리통합지원센터 지원,보건복지부,기관·개인이용,기관·사업주 지원 경로 중심,지자체사업계획에 따른 센터운영비 / 중독자·가족 서비스이용,가구주관계·혼인·일부 자녀 응답,기관·기업 자료; 의료·피해·필요성·의사; 가족·자녀·임신출산·양육; 기관 판단·상세 공고,운영비 자격과 이용자 자격 분리,,요약구조화; 완전 실행식 미작성,,,,,False,지원대상 센터를 선정,https://www.bokjiro.go.kr/ssis-tbu/twataa/wlfareInfo/moveTWAT52011M.do?wlfareInfoId=WLF00000896&wlfareInfoReldBztpCd=01,수집된 원문의 조건 검토; 최신공고·완전실행식·실제선정 정답 검증은 아님
161,WLF00001160,노숙자 등 알코올중독자 사례관리 사업,보건복지부,기관·개인이용,기관·사업주 지원 경로 중심,사업계획심사후센터운영비 / 상담치료재활필요노숙인·주취범죄자 사례관리,직접대응 없음,기관·기업 자료; 의료·피해·필요성·의사; 가입·이용·사건 이력; 기관 판단·상세 공고,개인표본에 센터지원금을 매칭하지 않음,,요약구조화; 완전 실행식 미작성,,,,,False,운영비를 지원,https://www.bokjiro.go.kr/ssis-tbu/twataa/wlfareInfo/moveTWAT52011M.do?wlfareInfoId=WLF00001160&wlfareInfoReldBztpCd=01,수집된 원문의 조건 검토; 최신공고·완전실행식·실제선정 정답 검증은 아님
162,WLF00001148,근로·자녀장려금,재정경제부,본인·세법가구,추가정보·세부조건 확인 필요,근로/사업/종교소득 AND 국적예외·부양/전문직제외 AND 유형별연총소득 AND 6월1일재산2.4억미만; 자녀장려금별도,현재 국적; 조사주간 경제활동·직업; 가구소득구간; 가구 규모·점유형태; 가구주관계·혼인·일부 자녀 응답,정책 기준 소득; 재산·주택·채무·신용; 가족·자녀·임신출산·양육; 직역·사업장·경력·구직; 가입·이용·사건 이력; 정확한 기준시점·기간,단독가구≠조사1인가구; 자녀장려금18세 예외·소득7000만원 분리,,요약구조화; 완전 실행식 미작성,,,,,False,부부합산 연간 총소득,https://www.bokjiro.go.kr/ssis-tbu/twataa/wlfareInfo/moveTWAT52011M.do?wlfareInfoId=WLF00001148&wlfareInfoReldBztpCd=01,수집된 원문의 조건 검토; 최신공고·완전실행식·실제선정 정답 검증은 아님
163,WLF00003237,미숙아 및 선천성이상아 의료비 지원,보건복지부,영아,추가정보·세부조건 확인 필요,미숙아NICU24시간이내/이송예외 OR Q코드2년내진단·입원수술/의학예외 AND 비용범위,가구주관계·혼인·일부 자녀 응답,가족·자녀·임신출산·양육; 의료·피해·필요성·의사; 가입·이용·사건 이력; 정확한 기준시점·기간,질병확진·수술·영수증·지원제외비용 필요,,요약구조화; 완전 실행식 미작성,,,,,False,신생아중환자실,https://www.bokjiro.go.kr/ssis-tbu/twataa/wlfareInfo/moveTWAT52011M.do?wlfareInfoId=WLF00003237&wlfareInfoReldBztpCd=01,수집된 원문의 조건 검토; 최신공고·완전실행식·실제선정 정답 검증은 아님
164,WLF00001088,고위험 임산부 의료비 지원,보건복지부,본인,추가정보·세부조건 확인 필요,고위험임신19질환 AND 입원치료 AND 질병코드·주수별기준,성별; 가구주관계·혼인·일부 자녀 응답,가족·자녀·임신출산·양육; 의료·피해·필요성·의사; 가입·이용·사건 이력; 정확한 기준시점·기간,일반임신여부만으로 확정 불가; 질환별 임신주수 다름,,요약구조화; 완전 실행식 미작성,,,,,False,질병코드,https://www.bokjiro.go.kr/ssis-tbu/twataa/wlfareInfo/moveTWAT52011M.do?wlfareInfoId=WLF00001088&wlfareInfoReldBztpCd=01,수집된 원문의 조건 검토; 최신공고·완전실행식·실제선정 정답 검증은 아님
165,WLF00006263,저소득 지역가입자 보험료 지원,보건복지부,본인,추가정보·세부조건 확인 필요,국민연금지역가입 AND 재산과표6억미만 AND 종합소득1680만원미만(근로사업제외) AND 기준소득월액80만원미만,가구소득구간,가입·이용·사건 이력; 재산·주택·채무·신용; 정책 기준 소득; 정확한 기준시점·기간,총가구소득과 과세소득·기준소득월액은 다름,,요약구조화; 완전 실행식 미작성,,,,,False,생애 최대 12개월,https://www.bokjiro.go.kr/ssis-tbu/twataa/wlfareInfo/moveTWAT52011M.do?wlfareInfoId=WLF00006263&wlfareInfoReldBztpCd=01,수집된 원문의 조건 검토; 최신공고·완전실행식·실제선정 정답 검증은 아님
166,WLF00001173,국립특수학교 및 국립부설학교 특수학급 지원,교육부,학생·학교,추가정보·세부조건 확인 필요,국립특수학교/학급배치 특수교육대상; 인력은 중증우선·방과후는 희망학생,학교급·재학상태; 장애인복지카드 소유 응답,상세 학적·학업; 장애 유형·정도·법정 판정; 기관·기업 자료; 의료·피해·필요성·의사; 가입·이용·사건 이력,학교구분·배치결정 미관측; 중증 우선을 필수로 강제 금지,,요약구조화; 완전 실행식 미작성,,,,,False,국립특수학교,https://www.bokjiro.go.kr/ssis-tbu/twataa/wlfareInfo/moveTWAT52011M.do?wlfareInfoId=WLF00001173&wlfareInfoReldBztpCd=01,수집된 원문의 조건 검토; 최신공고·완전실행식·실제선정 정답 검증은 아님
167,WLF00003184,온동네 초등돌봄교육,교육부 늘봄학교정책과,학생,추가정보·세부조건 확인 필요,초등1~2학년희망 OR 초등3~6학년 학교여건·선정,학교급·재학상태,상세 학적·학업; 의료·피해·필요성·의사; 기관 판단·상세 공고,교육정도코드만으로 학년 판정 불가,,요약구조화; 완전 실행식 미작성,,,,2026.0,False,1~2학년,https://www.bokjiro.go.kr/ssis-tbu/twataa/wlfareInfo/moveTWAT52011M.do?wlfareInfoId=WLF00003184&wlfareInfoReldBztpCd=01,수집된 원문의 조건 검토; 최신공고·완전실행식·실제선정 정답 검증은 아님
168,WLF00005446,어업인 안전보험,해양수산부 소득복지과,본인,추가정보·세부조건 확인 필요,15~90어업인/근로자 AND 법정직업범위 AND NOT 산재·어선원보험 중복(타작업장예외),연령; 조사주간 경제활동·직업,직역·사업장·경력·구직; 가입·이용·사건 이력,산업A는 어업인 등록·보험 적용증빙 아님,,요약구조화; 완전 실행식 미작성,,,,2026.0,False,어선원보험,https://www.bokjiro.go.kr/ssis-tbu/twataa/wlfareInfo/moveTWAT52011M.do?wlfareInfoId=WLF00005446&wlfareInfoReldBztpCd=01,수집된 원문의 조건 검토; 최신공고·완전실행식·실제선정 정답 검증은 아님
169,WLF00003196,도서민 여객선 운임지원,해양수산부 연안해운과,본인,추가정보·세부조건 확인 필요,대상도서지역주민 AND NOT 제주본도/연륙연도교지역,지역,세부 주소·사업지역; 가입·이용·사건 이력,시도·읍면코드로 실제 섬 거주 판정 불가,,요약구조화; 완전 실행식 미작성,,,,2026.0,False,제주도 본도,https://www.bokjiro.go.kr/ssis-tbu/twataa/wlfareInfo/moveTWAT52011M.do?wlfareInfoId=WLF00003196&wlfareInfoReldBztpCd=01,수집된 원문의 조건 검토; 최신공고·완전실행식·실제선정 정답 검증은 아님
170,WLF00001163,직장어린이집 설치 지원,고용노동부 고용문화개선정책과,사업주·단체,기관·사업주 지원 경로 중심,고용보험가입사업주/단체 AND 직장어린이집설치운영,직접대응 없음,기관·기업 자료; 가입·이용·사건 이력,영유아 부모에게 직접지급하는 지원금 아님,,요약구조화; 완전 실행식 미작성,,,,2026.0,False,사업주 단체,https://www.bokjiro.go.kr/ssis-tbu/twataa/wlfareInfo/moveTWAT52011M.do?wlfareInfoId=WLF00001163&wlfareInfoReldBztpCd=01,수집된 원문의 조건 검토; 최신공고·완전실행식·실제선정 정답 검증은 아님
171,WLF00000028,공동육아나눔터 운영,성평등가족부 가족친화서비스과,보호자·자녀,추가정보·세부조건 확인 필요,부모등보호자 또는 자녀의 공동육아서비스이용,가구주관계·혼인·일부 자녀 응답,가족·자녀·임신출산·양육; 의료·피해·필요성·의사,부모나 후견역할·대상자녀 확인 필요; 전체인구무조건수급과 구분,,요약구조화; 완전 실행식 미작성,,,,2026.0,False,보호자 및 자녀 누구나,https://www.bokjiro.go.kr/ssis-tbu/twataa/wlfareInfo/moveTWAT52011M.do?wlfareInfoId=WLF00000028&wlfareInfoReldBztpCd=01,수집된 원문의 조건 검토; 최신공고·완전실행식·실제선정 정답 검증은 아님
172,WLF00000948,학교 밖 청소년 지원,성평등가족부 학교밖청소년지원과,본인,추가정보·세부조건 확인 필요,9~24세 AND 법정학교밖청소년,연령; 학교급·재학상태,상세 학적·학업; 가입·이용·사건 이력; 정확한 기준시점·기간,단순비재학에는 졸업자 포함; 학교밖법정범위·중단기간 필요,,요약구조화; 완전 실행식 미작성,,,,2026.0,False,학교밖 청소년,https://www.bokjiro.go.kr/ssis-tbu/twataa/wlfareInfo/moveTWAT52011M.do?wlfareInfoId=WLF00000948&wlfareInfoReldBztpCd=01,수집된 원문의 조건 검토; 최신공고·완전실행식·실제선정 정답 검증은 아님
173,WLF00001096,농촌출신대학생학자금융자,농림축산식품부 농촌사회서비스과,학생·보호자,추가정보·세부조건 확인 필요,농어촌6개월거주/농어업보호자의 자녀배우자 OR 본인농어업 OR 농식품인재학과 AND 대학상태·성적예외,학교급·재학상태; 지역; 조사주간 경제활동·직업; 가구주관계·혼인·일부 자녀 응답,가족·자녀·임신출산·양육; 직역·사업장·경력·구직; 세부 주소·사업지역; 정확한 기준시점·기간; 상세 학적·학업; 가입·이용·사건 이력,읍면부와 법정농어촌 구분; 신입·장애 학점예외,,요약구조화; 완전 실행식 미작성,,,,2026.0,False,6개월(180일),https://www.bokjiro.go.kr/ssis-tbu/twataa/wlfareInfo/moveTWAT52011M.do?wlfareInfoId=WLF00001096&wlfareInfoReldBztpCd=01,수집된 원문의 조건 검토; 최신공고·완전실행식·실제선정 정답 검증은 아님
174,WLF00000103,노인장기요양보험 복지용구 급여,보건복지부 요양보험제도과,본인,추가정보·세부조건 확인 필요,장기요양1~5등급 또는 인지지원등급 AND 복지용구급여대상,직접대응 없음,의료·피해·필요성·의사; 가입·이용·사건 이력; 기관 판단·상세 공고,노년·활동제약만으로 요양판정 대체 금지,,요약구조화; 완전 실행식 미작성,,,,2026.0,False,인지지원등급,https://www.bokjiro.go.kr/ssis-tbu/twataa/wlfareInfo/moveTWAT52011M.do?wlfareInfoId=WLF00000103&wlfareInfoReldBztpCd=01,수집된 원문의 조건 검토; 최신공고·완전실행식·실제선정 정답 검증은 아님
175,WLF00000058,소상공인지원(융자),중소벤처기업부 소상공인경영안정정책과,사업체,추가정보·세부조건 확인 필요,법정소상공인 AND 종업원5미만/일부업종10미만 AND NOT 제외업종,조사주간 경제활동·직업,기관·기업 자료; 직역·사업장·경력·구직; 가입·이용·사건 이력; 기관 판단·상세 공고,사회조사 자영업분류는 기업규모·등록 확인자료 아님,,요약구조화; 완전 실행식 미작성,,,,2026.0,False,상시근로자 5인 미만,https://www.bokjiro.go.kr/ssis-tbu/twataa/wlfareInfo/moveTWAT52011M.do?wlfareInfoId=WLF00000058&wlfareInfoReldBztpCd=01,수집된 원문의 조건 검토; 최신공고·완전실행식·실제선정 정답 검증은 아님
176,WLF00000864,희귀질환자 의료비 지원사업,질병관리청 희귀질환관리과,본인·부양가구,추가정보·세부조건 확인 필요,희귀질환산정특례 AND 보험·질환별 경로 AND 환자가구140%/부양가구200%·재산 또는 수급차상위제한급여,현재 국적; 가구소득구간; 가구주관계·혼인·일부 자녀 응답,의료·피해·필요성·의사; 가입·이용·사건 이력; 정책 기준 소득; 재산·주택·채무·신용; 가족·자녀·임신출산·양육; 법정 급여·보호 자격; 이주배경·체류·특별신분,200%를 환자가구 상한으로 적용 금지; 급여항목별 예외 분리,,요약구조화; 완전 실행식 미작성,,,,2026.0,False,부양의무자가구,https://www.bokjiro.go.kr/ssis-tbu/twataa/wlfareInfo/moveTWAT52011M.do?wlfareInfoId=WLF00000864&wlfareInfoReldBztpCd=01,수집된 원문의 조건 검토; 최신공고·완전실행식·실제선정 정답 검증은 아님
177,WLF00001118,고등학교 무상교육,교육부 학생지원총괄과,학생,추가정보·세부조건 확인 필요,고등학교등재학 AND NOT 조례상수업료자율사립학교,학교급·재학상태,상세 학적·학업,재학코드만으로 학교법정유형·예외 확인 불가,,요약구조화; 완전 실행식 미작성,,,,2026.0,False,사립학교 재학생,https://www.bokjiro.go.kr/ssis-tbu/twataa/wlfareInfo/moveTWAT52011M.do?wlfareInfoId=WLF00001118&wlfareInfoReldBztpCd=01,수집된 원문의 조건 검토; 최신공고·완전실행식·실제선정 정답 검증은 아님
178,WLF00006258,건강보험 임의계속가입제도,보건복지부 보험정책과,본인,추가정보·세부조건 확인 필요,퇴직지역가입 AND 직전18개월중직장보험365일이상 AND NOT 개인대표자,조사주간 경제활동·직업,직역·사업장·경력·구직; 가입·이용·사건 이력; 정확한 기준시점·기간,지난주미취업만으로 보험가입기간 추정 금지,,요약구조화; 완전 실행식 미작성,,,,2026.0,False,퇴직 이전 18개월,https://www.bokjiro.go.kr/ssis-tbu/twataa/wlfareInfo/moveTWAT52011M.do?wlfareInfoId=WLF00006258&wlfareInfoReldBztpCd=01,수집된 원문의 조건 검토; 최신공고·완전실행식·실제선정 정답 검증은 아님
179,WLF00006254,예술체육 비전장학금,교육부 청년장학지원과,학생,추가정보·세부조건 확인 필요,국적 AND 참여대학예체능재학 AND 유형별학년·성적·학점·대학평가,현재 국적; 학교급·재학상태,상세 학적·학업; 기관 판단·상세 공고,저소득 가점은 소득필수상한 아님,,요약구조화; 완전 실행식 미작성,,,,2026.0,False,대학이 자체 선발,https://www.bokjiro.go.kr/ssis-tbu/twataa/wlfareInfo/moveTWAT52011M.do?wlfareInfoId=WLF00006254&wlfareInfoReldBztpCd=01,수집된 원문의 조건 검토; 최신공고·완전실행식·실제선정 정답 검증은 아님
180,WLF00006253,장애인고용개선장려금,고용노동부 장애인고용과,사업주,기관·사업주 지원 경로 중심,50~99명 의무고용미이행사업주 AND 중증장애 직접고용증가 AND NOT 공공/재정지원인건비,장애인복지카드 소유 응답,기관·기업 자료; 직역·사업장·경력·구직; 장애 유형·정도·법정 판정; 가입·이용·사건 이력,근로자 본인에게 지급되는 정책으로 계산 금지,,요약구조화; 완전 실행식 미작성,,,,2026.0,False,고용의무 미이행 사업주,https://www.bokjiro.go.kr/ssis-tbu/twataa/wlfareInfo/moveTWAT52011M.do?wlfareInfoId=WLF00006253&wlfareInfoReldBztpCd=01,수집된 원문의 조건 검토; 최신공고·완전실행식·실제선정 정답 검증은 아님
181,WLF00006252,근로지원인 지원,고용노동부 장애인고용과,본인·사업장,추가정보·세부조건 확인 필요,중증장애근로 또는 필요도인정 AND 월60시간이상 AND 임금/인가요건 AND NOT 근로지원비중복,조사주간 경제활동·직업; 장애인복지카드 소유 응답,장애 유형·정도·법정 판정; 직역·사업장·경력·구직; 가입·이용·사건 이력; 기관 판단·상세 공고,여성·중소기업·최저임금이상은 우대; 전체필수와 구분,,요약구조화; 완전 실행식 미작성,,,,2026.0,False,월 소정근로시간,https://www.bokjiro.go.kr/ssis-tbu/twataa/wlfareInfo/moveTWAT52011M.do?wlfareInfoId=WLF00006252&wlfareInfoReldBztpCd=01,수집된 원문의 조건 검토; 최신공고·완전실행식·실제선정 정답 검증은 아님
182,WLF00006251,중증장애인확인서 발급,고용노동부 장애인고용과,본인,추가정보·세부조건 확인 필요,등록장애인의 고용촉진법상 중증확인서 발급신청·판정,장애인복지카드 소유 응답,장애 유형·정도·법정 판정; 가입·이용·사건 이력; 기관 판단·상세 공고,신청대상과 중증이라는 결과 분리; 카드소유만으로 중증확정 금지,,요약구조화; 완전 실행식 미작성,,,,2026.0,False,중증장애인 여부,https://www.bokjiro.go.kr/ssis-tbu/twataa/wlfareInfo/moveTWAT52011M.do?wlfareInfoId=WLF00006251&wlfareInfoReldBztpCd=01,수집된 원문의 조건 검토; 최신공고·완전실행식·실제선정 정답 검증은 아님
183,WLF00005852,중장년 경력지원제,고용노동부 고령사회인력정책과,본인,추가정보·세부조건 확인 필요,50~65한국국적미취업 AND 자격취득/훈련 AND 일경험필요기관인정,연령; 현재 국적; 조사주간 경제활동·직업,직역·사업장·경력·구직; 가입·이용·사건 이력; 기관 판단·상세 공고,고용상태는 조사주간 기준; 현재실업자격 보장 아님,,요약구조화; 완전 실행식 미작성,,,,2026.0,False,일경험이 필요하다고 인정,https://www.bokjiro.go.kr/ssis-tbu/twataa/wlfareInfo/moveTWAT52011M.do?wlfareInfoId=WLF00005852&wlfareInfoReldBztpCd=01,수집된 원문의 조건 검토; 최신공고·완전실행식·실제선정 정답 검증은 아님
184,WLF00006247,산재근로자 대체인력지원,고용노동부 산재보상정책과,사업주,기관·사업주 지원 경로 중심,산재근로자요양중대체인력30일고용 AND 원직장복귀30일유지 AND 규모·장해/요양기간조건,직접대응 없음,기관·기업 자료; 직역·사업장·경력·구직; 가입·이용·사건 이력; 의료·피해·필요성·의사; 정확한 기준시점·기간,원문50일은 인원단위오류 의심; 임의50인 확정 금지,상시 근로자 50일 미만이라고 기재되어 인원 단위 오류가 의심됨.,요약구조화; 완전 실행식 미작성,"공단 설명에서는 재해월말 상시근로자50인 미만으로 제시한다. 원문50일의 단위오류 보정 근거이며, 해당 자료만으로2026년 전체 요건을 확정하지 않는다.",근로복지공단 희망나무 대체인력지원금,https://webzine.comwel.or.kr/vol137/sub02.html,2026.0,False,상시 근로자 50일 미만,https://www.bokjiro.go.kr/ssis-tbu/twataa/wlfareInfo/moveTWAT52011M.do?wlfareInfoId=WLF00006247&wlfareInfoReldBztpCd=01,수집된 원문의 조건 검토; 최신공고·완전실행식·실제선정 정답 검증은 아님
185,WLF00006246,우수고등학교 해외유학 장학금(드림장학금),교육부 청년장학지원과,학생,추가정보·세부조건 확인 필요,고교2/3학년 AND 수급차상위 AND 해외유학희망 AND 성적단위충족 AND NOT 외국학교거주2년,학교급·재학상태,법정 급여·보호 자격; 상세 학적·학업; 의료·피해·필요성·의사; 가입·이용·사건 이력; 정확한 기준시점·기간,국적만으로 해외거주이력 확인 불가,,요약구조화; 완전 실행식 미작성,,,,2026.0,False,2년 이상 외국 학교,https://www.bokjiro.go.kr/ssis-tbu/twataa/wlfareInfo/moveTWAT52011M.do?wlfareInfoId=WLF00006246&wlfareInfoReldBztpCd=01,수집된 원문의 조건 검토; 최신공고·완전실행식·실제선정 정답 검증은 아님
186,WLF00006245,어업활동지원,해양수산부 소득복지과,본인·어업체,추가정보·세부조건 확인 필요,등록어업인 AND (사고질병/입원 OR 임신출산 OR 중증통원 OR 여성교육 OR 감염격리),성별; 조사주간 경제활동·직업; 가구주관계·혼인·일부 자녀 응답,직역·사업장·경력·구직; 의료·피해·필요성·의사; 가족·자녀·임신출산·양육; 가입·이용·사건 이력; 정확한 기준시점·기간,각 사유는 OR; 임신·출산을 모든 이용자의 필수로 만들지 않음,,요약구조화; 완전 실행식 미작성,,,,2026.0,False,어업경영체에 등록,https://www.bokjiro.go.kr/ssis-tbu/twataa/wlfareInfo/moveTWAT52011M.do?wlfareInfoId=WLF00006245&wlfareInfoReldBztpCd=01,수집된 원문의 조건 검토; 최신공고·완전실행식·실제선정 정답 검증은 아님
187,WLF00001091,국가유공자의료급여증발급,국가보훈부 보훈의료정책과,본인·보장가구,추가정보·세부조건 확인 필요,보훈법대상가족 AND 추천·인정 AND (일반80% OR 취약100% OR 상이1급특례) AND 금융재산기준,연령; 가구소득구간; 가구 규모·점유형태; 장애인복지카드 소유 응답; 가구주관계·혼인·일부 자녀 응답,보훈·유족·수권; 가족·자녀·임신출산·양육; 법정 급여·보호 자격; 정책 기준 소득; 재산·주택·채무·신용; 장애 유형·정도·법정 판정; 기관 판단·상세 공고,가구구성원의30세조건을 신청인연령으로 추출 금지,,요약구조화; 완전 실행식 미작성,,,,2026.0,False,취약 가구,https://www.bokjiro.go.kr/ssis-tbu/twataa/wlfareInfo/moveTWAT52011M.do?wlfareInfoId=WLF00001091&wlfareInfoReldBztpCd=01,수집된 원문의 조건 검토; 최신공고·완전실행식·실제선정 정답 검증은 아님
188,WLF00006242,현장실습 지원금,교육부 직업교육정책과,학생·사업장,추가정보·세부조건 확인 필요,직업계고3학년 AND 채용형실습 AND 표준협약서 AND NOT 근로계약중복,학교급·재학상태; 조사주간 경제활동·직업,상세 학적·학업; 직역·사업장·경력·구직; 가입·이용·사건 이력; 기관 판단·상세 공고,실습과 일반취업을 구분; 신청순·일수 우선순위,,요약구조화; 완전 실행식 미작성,,,,2026.0,False,현장실습 표준,https://www.bokjiro.go.kr/ssis-tbu/twataa/wlfareInfo/moveTWAT52011M.do?wlfareInfoId=WLF00006242&wlfareInfoReldBztpCd=01,수집된 원문의 조건 검토; 최신공고·완전실행식·실제선정 정답 검증은 아님
189,WLF00001075,장애학생 정보격차 해소 지원,교육부 디지털교육지원과,교사·학생,추가정보·세부조건 확인 필요,교사등 콘텐츠이용 / 학생은 특수교육 진단평가선정,학교급·재학상태; 장애인복지카드 소유 응답,직역·사업장·경력·구직; 상세 학적·학업; 장애 유형·정도·법정 판정; 기관 판단·상세 공고,지원대상 교사와 선정기준 학생의 주체가 다름; 본문경로 추가명료화 필요,"지원대상은 교사, 선정기준은 학생 특수교육판정. 프로그램별 주체·절차 명료화 필요.",요약구조화; 완전 실행식 미작성,,,,2026.0,False,특수학교 및 특수학급 교사,https://www.bokjiro.go.kr/ssis-tbu/twataa/wlfareInfo/moveTWAT52011M.do?wlfareInfoId=WLF00001075&wlfareInfoReldBztpCd=01,수집된 원문의 조건 검토; 최신공고·완전실행식·실제선정 정답 검증은 아님
190,WLF00004647,국민연금 출산크레딧,보건복지부 연금급여팀,본인·자녀,추가정보·세부조건 확인 필요,출산/입양자녀 AND 국민연금가입이력 AND 노령연금수급권취득,가구주관계·혼인·일부 자녀 응답,가족·자녀·임신출산·양육; 가입·이용·사건 이력; 기관 판단·상세 공고,60세이상 자녀문항만으로 출산크레딧 가입기간·권리 계산 불가,,요약구조화; 완전 실행식 미작성,,,,2026.0,False,노령연금 수급권,https://www.bokjiro.go.kr/ssis-tbu/twataa/wlfareInfo/moveTWAT52011M.do?wlfareInfoId=WLF00004647&wlfareInfoReldBztpCd=01,수집된 원문의 조건 검토; 최신공고·완전실행식·실제선정 정답 검증은 아님
191,WLF00001181,중앙노인돌봄지원기관 운영지원,보건복지부 노인정책과,기관,기관·사업주 지원 경로 중심,중앙노인돌봄지원기관 운영위탁법인,직접대응 없음,기관·기업 자료; 가입·이용·사건 이력; 기관 판단·상세 공고,개인노인 수혜정책에서 분리,,요약구조화; 완전 실행식 미작성,,,,2026.0,False,위탁받은 법인,https://www.bokjiro.go.kr/ssis-tbu/twataa/wlfareInfo/moveTWAT52011M.do?wlfareInfoId=WLF00001181&wlfareInfoReldBztpCd=01,수집된 원문의 조건 검토; 최신공고·완전실행식·실제선정 정답 검증은 아님
192,WLF00003206,(북한이탈주민) 의료비 지원,통일부 자립지원과,본인·가족,추가정보·세부조건 확인 필요,탈북민·가족 경로 AND 질환별치료·본인부담·소득/보험조건; 틀니는 소득무관,가구소득구간; 가구주관계·혼인·일부 자녀 응답,이주배경·체류·특별신분; 가족·자녀·임신출산·양육; 의료·피해·필요성·의사; 가입·이용·사건 이력; 정책 기준 소득; 정확한 기준시점·기간,모든경로에100%·민간보험제외를 강제하지 않음;2023~26 버전혼재,,요약구조화; 완전 실행식 미작성,,,,2026.0,False,틀니,https://www.bokjiro.go.kr/ssis-tbu/twataa/wlfareInfo/moveTWAT52011M.do?wlfareInfoId=WLF00003206&wlfareInfoReldBztpCd=01,수집된 원문의 조건 검토; 최신공고·완전실행식·실제선정 정답 검증은 아님
193,WLF00003208,장기복무제대군인 취업지원,국가보훈부 제대군인일자리과,본인,추가정보·세부조건 확인 필요,장교/준사관/부사관10년이상복무후전역 AND 취업희망신청,직접대응 없음,직역·사업장·경력·구직; 가입·이용·사건 이력; 정확한 기준시점·기간; 의료·피해·필요성·의사,현재군인직업코드와 과거전역·복무기간 구분,,요약구조화; 완전 실행식 미작성,,,,2026.0,False,10년이상 복무후,https://www.bokjiro.go.kr/ssis-tbu/twataa/wlfareInfo/moveTWAT52011M.do?wlfareInfoId=WLF00003208&wlfareInfoReldBztpCd=01,수집된 원문의 조건 검토; 최신공고·완전실행식·실제선정 정답 검증은 아님
194,WLF00003231,보조공학기기지원,고용노동부 장애인고용과,본인·사업주,추가정보·세부조건 확인 필요,장애근로자 OR 장애고용사업주 OR 4인이하장애사업주 AND 기기평가·지원결정·고용유지·중복제한,조사주간 경제활동·직업; 장애인복지카드 소유 응답,장애 유형·정도·법정 판정; 기관·기업 자료; 직역·사업장·경력·구직; 가입·이용·사건 이력; 기관 판단·상세 공고,수급차상위는 본인부담면제경로; 지원 전체필수 아님,,요약구조화; 완전 실행식 미작성,,,,2026.0,False,상담·평가를 실시,https://www.bokjiro.go.kr/ssis-tbu/twataa/wlfareInfo/moveTWAT52011M.do?wlfareInfoId=WLF00003231&wlfareInfoReldBztpCd=01,수집된 원문의 조건 검토; 최신공고·완전실행식·실제선정 정답 검증은 아님
195,WLF00001090,장애인고용장려금,고용노동부 장애인고용과,사업주,기관·사업주 지원 경로 중심,장애의무고용률초과 AND 대상근로자임금/인가·보험요건 AND 타장려금차액조정,장애인복지카드 소유 응답,기관·기업 자료; 직역·사업장·경력·구직; 장애 유형·정도·법정 판정; 가입·이용·사건 이력,장애근로자 수와 고용률은 개인조사로 산출 불가,,요약구조화; 완전 실행식 미작성,,,,2026.0,False,고용한 사업주,https://www.bokjiro.go.kr/ssis-tbu/twataa/wlfareInfo/moveTWAT52011M.do?wlfareInfoId=WLF00001090&wlfareInfoReldBztpCd=01,수집된 원문의 조건 검토; 최신공고·완전실행식·실제선정 정답 검증은 아님
196,WLF00003277,취업 후 상환 학자금대출,교육부 청년장학지원과,학생,추가정보·세부조건 확인 필요,협약대학재학 AND 학부35세/선취업45세 또는 대학원40세 AND 대출종류별소득·학점예외,연령; 학교급·재학상태; 가구소득구간; 가구주관계·혼인·일부 자녀 응답,상세 학적·학업; 정책 기준 소득; 가족·자녀·임신출산·양육; 가입·이용·사건 이력; 기관 판단·상세 공고,등록금과 생활비 소득기준 분리; 다자녀자립준비예외 유지,,요약구조화; 완전 실행식 미작성,,,,2026.0,False,소득구간 제한 없음,https://www.bokjiro.go.kr/ssis-tbu/twataa/wlfareInfo/moveTWAT52011M.do?wlfareInfoId=WLF00003277&wlfareInfoReldBztpCd=01,수집된 원문의 조건 검토; 최신공고·완전실행식·실제선정 정답 검증은 아님
197,WLF00001060,대학생 근로장학금 지원,교육부 청년장학지원과,학생,추가정보·세부조건 확인 필요,한국국적 AND 참여대학재학/입학예정 AND 성적70 AND 학자금9구간이하 AND 대학선발,현재 국적; 학교급·재학상태; 가구소득구간,상세 학적·학업; 정책 기준 소득; 기관 판단·상세 공고,장애·다문화·보훈·다자녀·가족돌봄은 우선순위이며 전체 필수조건과 구분,,요약구조화; 완전 실행식 미작성,,,,2026.0,False,우선선발 기준,https://www.bokjiro.go.kr/ssis-tbu/twataa/wlfareInfo/moveTWAT52011M.do?wlfareInfoId=WLF00001060&wlfareInfoReldBztpCd=01,수집된 원문의 조건 검토; 최신공고·완전실행식·실제선정 정답 검증은 아님
198,WLF00000052,인문100년장학금,교육부 청년장학지원과,학생,추가정보·세부조건 확인 필요,4년제인문사회1/3학년 AND 유형별성적·학점·대학역량평가,학교급·재학상태,상세 학적·학업; 기관 판단·상세 공고,가점조건을 저소득전용으로 코딩 금지,,요약구조화; 완전 실행식 미작성,,,,2026.0,False,경제적 수준이 낮을수록 가점,https://www.bokjiro.go.kr/ssis-tbu/twataa/wlfareInfo/moveTWAT52011M.do?wlfareInfoId=WLF00000052&wlfareInfoReldBztpCd=01,수집된 원문의 조건 검토; 최신공고·완전실행식·실제선정 정답 검증은 아님
199,WLF00000747,중장기복무 제대군인 무료법률 구조지원,국가보훈부 제대군인일자리과,본인,추가정보·세부조건 확인 필요,5년~19년6개월미만복무전역 AND 군인연금수급권없음 AND 소득125% AND 보훈·공단심사,가구소득구간,보훈·유족·수권; 직역·사업장·경력·구직; 가입·이용·사건 이력; 정책 기준 소득; 기관 판단·상세 공고; 정확한 기준시점·기간,현재실업·나이로 복무기간이나 연금권 추정 불가,,요약구조화; 완전 실행식 미작성,,,,2026.0,False,군인연금수급권이 없는,https://www.bokjiro.go.kr/ssis-tbu/twataa/wlfareInfo/moveTWAT52011M.do?wlfareInfoId=WLF00000747&wlfareInfoReldBztpCd=01,수집된 원문의 조건 검토; 최신공고·완전실행식·실제선정 정답 검증은 아님
200,WLF00000096,제대군인전직지원금,국가보훈부 제대군인일자리과,본인,추가정보·세부조건 확인 필요,5년~19년6개월미만전역 AND 군인연금비대상 AND 실업·구직활동 AND 전역6개월내신청,조사주간 경제활동·직업,직역·사업장·경력·구직; 가입·이용·사건 이력; 정확한 기준시점·기간; 의료·피해·필요성·의사,경제활동없음과 적극적구직은 동일하지 않음,,요약구조화; 완전 실행식 미작성,,,,2026.0,False,적극적 구직활동,https://www.bokjiro.go.kr/ssis-tbu/twataa/wlfareInfo/moveTWAT52011M.do?wlfareInfoId=WLF00000096&wlfareInfoReldBztpCd=01,수집된 원문의 조건 검토; 최신공고·완전실행식·실제선정 정답 검증은 아님
201,WLF00003283,아동통합서비스지원(드림스타트사업),보건복지부 아동보호자립과,아동·가족,추가정보·세부조건 확인 필요,임산부/12세이하(13세이상초등예외) AND 취약/특화가구 AND 사업지역·사정후개입필요,연령; 학교급·재학상태; 지역; 가구주관계·혼인·일부 자녀 응답,가족·자녀·임신출산·양육; 법정 급여·보호 자격; 이주배경·체류·특별신분; 의료·피해·필요성·의사; 세부 주소·사업지역; 기관 판단·상세 공고,13세 상한 일괄배제 금지; 농산어촌특화와 기본경로 분리,,요약구조화; 완전 실행식 미작성,,,,2026.0,False,아동 양육환경 및 발달 상태,https://www.bokjiro.go.kr/ssis-tbu/twataa/wlfareInfo/moveTWAT52011M.do?wlfareInfoId=WLF00003283&wlfareInfoReldBztpCd=01,수집된 원문의 조건 검토; 최신공고·완전실행식·실제선정 정답 검증은 아님
202,WLF00003223,고난도 보호대상아동 맞춤형 사례관리서비스,보건복지부 아동보호자립과,아동·돌봄종사자,추가정보·세부조건 확인 필요,보호아동시설 AND 경계선지능심리검사·선별/종합심사 / 해당돌봄종사자지원,직접대응 없음,의료·피해·필요성·의사; 가입·이용·사건 이력; 직역·사업장·경력·구직; 기관 판단·상세 공고,IQ·보호시설 미관측; 지원종사자에게 아동연령·장애조건 대입 금지,,요약구조화; 완전 실행식 미작성,,,,2026.0,False,종합심리검사,https://www.bokjiro.go.kr/ssis-tbu/twataa/wlfareInfo/moveTWAT52011M.do?wlfareInfoId=WLF00003223&wlfareInfoReldBztpCd=01,수집된 원문의 조건 검토; 최신공고·완전실행식·실제선정 정답 검증은 아님
203,WLF00003177,복권기금 꿈사다리 장학사업,교육부 학생지원총괄과,학생,추가정보·세부조건 확인 필요,한국국적 AND 초5~고3 AND 24세이하 AND 수급/차상위/한부모 AND 성적출결봉사·추천; 다문화유형추가,연령; 현재 국적; 학교급·재학상태,법정 급여·보호 자격; 이주배경·체류·특별신분; 상세 학적·학업; 가입·이용·사건 이력; 기관 판단·상세 공고,다문화와 저소득은 해당장학유형에서 AND; 전체학생경로와 구분,,요약구조화; 완전 실행식 미작성,,,,2026.0,False,두가지 요건을 동시에,https://www.bokjiro.go.kr/ssis-tbu/twataa/wlfareInfo/moveTWAT52011M.do?wlfareInfoId=WLF00003177&wlfareInfoReldBztpCd=01,수집된 원문의 조건 검토; 최신공고·완전실행식·실제선정 정답 검증은 아님
204,WLF00003173,장애인스포츠강좌이용권 지원,문화체육관광부 장애인체육과,본인,추가정보·세부조건 확인 필요,5~69세등록장애 AND NOT 스포츠이용권중복; 저소득·유청소년 우선,연령; 장애인복지카드 소유 응답,장애 유형·정도·법정 판정; 법정 급여·보호 자격; 가입·이용·사건 이력; 기관 판단·상세 공고,선정문장에 저소득층 지원과 소득무관 동시 기재; 최신공고 확인 전 잠금,선정기준에 저소득층 장애인을 지원과 소득무관이 함께 기재되어 필수/우선 관계 확인 필요.,요약구조화; 완전 실행식 미작성,2026 정부 정책안내는5~69세 장애인에 소득무관으로 설명한다. 저소득을 전체 필수요건으로 강제하지 않는다. 지방자치단체의 선정순위·등록증빙은 별도.,정부 2026 K-희망사다리 정책 안내,https://gonggam.korea.kr/gonggamWeb/publication/pdf/2026_K_ladder_of_hope.pdf,2026.0,False,소득무관,https://www.bokjiro.go.kr/ssis-tbu/twataa/wlfareInfo/moveTWAT52011M.do?wlfareInfoId=WLF00003173&wlfareInfoReldBztpCd=01,수집된 원문의 조건 검토; 최신공고·완전실행식·실제선정 정답 검증은 아님
205,WLF00005856,양육비 선지급,성평등가족부 가족지원과,양육자·자녀,추가정보·세부조건 확인 필요,18세이하자녀양육 AND 양육비채권·3개월/3회미이행 AND 소득150% AND 이행확보절차,가구주관계·혼인·일부 자녀 응답,가족·자녀·임신출산·양육; 재산·주택·채무·신용; 정책 기준 소득; 가입·이용·사건 이력; 기관 판단·상세 공고; 정확한 기준시점·기간,혼인상태·동거자녀만으로 채권·미지급이력 확인 불가,,요약구조화; 완전 실행식 미작성,,,,2026.0,False,양육비 채권,https://www.bokjiro.go.kr/ssis-tbu/twataa/wlfareInfo/moveTWAT52011M.do?wlfareInfoId=WLF00005856&wlfareInfoReldBztpCd=01,수집된 원문의 조건 검토; 최신공고·완전실행식·실제선정 정답 검증은 아님
206,WLF00006239,영양플러스 사업,보건복지부 건강증진과,본인·영유아,추가정보·세부조건 확인 필요,소득인정액80% AND 영양위험 AND (임산부 OR 출산수유부 OR 5세이하영유아),가구소득구간; 가구주관계·혼인·일부 자녀 응답,정책 기준 소득; 가족·자녀·임신출산·양육; 의료·피해·필요성·의사,임의가임기연령이나 저소득만으로 영양위험 판정 금지,,요약구조화; 완전 실행식 미작성,,,,2026.0,False,영양위험요인,https://www.bokjiro.go.kr/ssis-tbu/twataa/wlfareInfo/moveTWAT52011M.do?wlfareInfoId=WLF00006239&wlfareInfoReldBztpCd=01,수집된 원문의 조건 검토; 최신공고·완전실행식·실제선정 정답 검증은 아님
207,WLF00001061,지역사회서비스 투자사업,보건복지부 사회서비스사업과,본인·지역서비스,추가정보·세부조건 확인 필요,지역/세부서비스별 이용기준·소득·연령·선정우선순위,지역; 연령; 가구소득구간,세부 주소·사업지역; 정책 기준 소득; 의료·피해·필요성·의사; 기관 판단·상세 공고,140% 원칙·160%예외·소득무관을 한정책상한에 병합 금지,,요약구조화; 완전 실행식 미작성,,,,2026.0,False,"지역별, 사업별 기준이 상이",https://www.bokjiro.go.kr/ssis-tbu/twataa/wlfareInfo/moveTWAT52011M.do?wlfareInfoId=WLF00001061&wlfareInfoReldBztpCd=01,수집된 원문의 조건 검토; 최신공고·완전실행식·실제선정 정답 검증은 아님
208,WLF00006207,웹정보접근성제고,과학기술정보통신부 디지털포용정책팀,기관관계자,추가정보·세부조건 확인 필요,민간/공공기관 웹접근성관계자 교육·기술지원,직접대응 없음,직역·사업장·경력·구직; 기관·기업 자료; 의료·피해·필요성·의사,일반장애인 수혜자격과 관계자 역할을 혼동하지 않음,,요약구조화; 완전 실행식 미작성,,,,2026.0,False,웹 접근성 관계자,https://www.bokjiro.go.kr/ssis-tbu/twataa/wlfareInfo/moveTWAT52011M.do?wlfareInfoId=WLF00006207&wlfareInfoReldBztpCd=01,수집된 원문의 조건 검토; 최신공고·완전실행식·실제선정 정답 검증은 아님
209,WLF00000068,장애인고용증진융자,고용노동부 장애인고용과,사업주,기관·사업주 지원 경로 중심,장애인고용/고용예정사업주 AND 투자·고용계획타당성심사,장애인복지카드 소유 응답,기관·기업 자료; 직역·사업장·경력·구직; 장애 유형·정도·법정 판정; 기관 판단·상세 공고,개인 장애만으로 기업융자신청 가능 판정 금지,,요약구조화; 완전 실행식 미작성,,,,2026.0,False,고용계획 타당성,https://www.bokjiro.go.kr/ssis-tbu/twataa/wlfareInfo/moveTWAT52011M.do?wlfareInfoId=WLF00000068&wlfareInfoReldBztpCd=01,수집된 원문의 조건 검토; 최신공고·완전실행식·실제선정 정답 검증은 아님
210,WLF00003185,청소년치료재활센터 운영,성평등가족부 청소년보호환경과,청소년·부모,추가정보·세부조건 확인 필요,9세입교~18세수료 AND 정서행동·학교생활어려움 AND 면접·판정위원회,연령; 학교급·재학상태; 가구주관계·혼인·일부 자녀 응답,의료·피해·필요성·의사; 가족·자녀·임신출산·양육; 가입·이용·사건 이력; 기관 판단·상세 공고; 정확한 기준시점·기간,부모연령 대신 아동입퇴교나이; 어려움 진단 미관측,,요약구조화; 완전 실행식 미작성,,,,2026.0,False,입.퇴교판정위원회,https://www.bokjiro.go.kr/ssis-tbu/twataa/wlfareInfo/moveTWAT52011M.do?wlfareInfoId=WLF00003185&wlfareInfoReldBztpCd=01,수집된 원문의 조건 검토; 최신공고·완전실행식·실제선정 정답 검증은 아님
211,WLF00000023,농어가목돈마련저축 저축장려금 지급,금융위원회 은행과,본인,추가정보·세부조건 확인 필요,법정농어민 AND 유형별보험료/보험자격 AND NOT 타분야상시근로·소득초과,조사주간 경제활동·직업; 가구소득구간,직역·사업장·경력·구직; 가입·이용·사건 이력; 정책 기준 소득,40%는 타분야종합소득 제외기준; 총가구소득상한 아님,,요약구조화; 완전 실행식 미작성,,,,2026.0,False,건강보험료 납부금액,https://www.bokjiro.go.kr/ssis-tbu/twataa/wlfareInfo/moveTWAT52011M.do?wlfareInfoId=WLF00000023&wlfareInfoReldBztpCd=01,수집된 원문의 조건 검토; 최신공고·완전실행식·실제선정 정답 검증은 아님
212,WLF00000100,"자산형성지원사업(희망저축계좌Ⅰ, Ⅱ)",보건복지부 자활정책과,가구,추가정보·세부조건 확인 필요,I:생계의료수급·소득인정액40%·근로소득하한 / II:주거교육수급차상위·인정액50%·근로소득,조사주간 경제활동·직업; 가구소득구간; 가구 규모·점유형태; 가구주관계·혼인·일부 자녀 응답,법정 급여·보호 자격; 정책 기준 소득; 가족·자녀·임신출산·양육; 가입·이용·사건 이력,"하한과 상한, 수급급여종류, 근로소득과 인정액을 분리",,요약구조화; 완전 실행식 미작성,,,,2026.0,False,40%의 60%,https://www.bokjiro.go.kr/ssis-tbu/twataa/wlfareInfo/moveTWAT52011M.do?wlfareInfoId=WLF00000100&wlfareInfoReldBztpCd=01,수집된 원문의 조건 검토; 최신공고·완전실행식·실제선정 정답 검증은 아님
213,WLF00001185,의료급여수급권자 영유아건강검진비 지원,보건복지부 건강증진과,영유아,추가정보·세부조건 확인 필요,의료급여수급권 AND 생후14일~71개월 건강검진,가구주관계·혼인·일부 자녀 응답,법정 급여·보호 자격; 가족·자녀·임신출산·양육; 가입·이용·사건 이력; 정확한 기준시점·기간,가구주나이가 아닌 영유아 검진회차·생일정보 필요,,요약구조화; 완전 실행식 미작성,,,,2026.0,False,생후 14일~71개월,https://www.bokjiro.go.kr/ssis-tbu/twataa/wlfareInfo/moveTWAT52011M.do?wlfareInfoId=WLF00001185&wlfareInfoReldBztpCd=01,수집된 원문의 조건 검토; 최신공고·완전실행식·실제선정 정답 검증은 아님
214,WLF00003247,재난적의료비 지원 사업,보건복지부 필수의료총괄과,본인·가구,추가정보·세부조건 확인 필요,국내국민 AND 소득경로 AND 재산7억이하 AND 실제의료비부담기준 AND 심사예외,현재 국적; 가구소득구간,정책 기준 소득; 재산·주택·채무·신용; 의료·피해·필요성·의사; 가입·이용·사건 이력; 기관 판단·상세 공고,200%를 일괄승인상한으로 만들지 않음; 소득별 의료비문턱 별도,,요약구조화; 완전 실행식 미작성,,,,2026.0,False,100~200%는 개별심사,https://www.bokjiro.go.kr/ssis-tbu/twataa/wlfareInfo/moveTWAT52011M.do?wlfareInfoId=WLF00003247&wlfareInfoReldBztpCd=01,수집된 원문의 조건 검토; 최신공고·완전실행식·실제선정 정답 검증은 아님
215,WLF00001154,중증장애인근로자 출퇴근비용 지원 사업,고용노동부 장애인고용과,본인,추가정보·세부조건 확인 필요,고용법상중증장애근로 AND (최저임금적용제외인가 OR 수급/차상위50%경로),조사주간 경제활동·직업; 가구소득구간; 장애인복지카드 소유 응답,장애 유형·정도·법정 판정; 직역·사업장·경력·구직; 법정 급여·보호 자격; 정책 기준 소득; 가입·이용·사건 이력,저소득과 최저임금예외는 OR,,요약구조화; 완전 실행식 미작성,,,,2026.0,False,최저임금 적용제외 인가,https://www.bokjiro.go.kr/ssis-tbu/twataa/wlfareInfo/moveTWAT52011M.do?wlfareInfoId=WLF00001154&wlfareInfoReldBztpCd=01,수집된 원문의 조건 검토; 최신공고·완전실행식·실제선정 정답 검증은 아님
216,WLF00005023,청소년부모 아동양육비 지원사업,성평등가족부 가족지원과,부모·자녀,추가정보·세부조건 확인 필요,부모모두24세이하 AND 실제자녀양육 AND 가구소득65%이하,연령; 가구소득구간; 가구주관계·혼인·일부 자녀 응답,가족·자녀·임신출산·양육; 정책 기준 소득,가구주 한명의 나이만으로 부모모두 조건 확인 불가,,요약구조화; 완전 실행식 미작성,,,,2026.0,False,부모가 모두 청소년,https://www.bokjiro.go.kr/ssis-tbu/twataa/wlfareInfo/moveTWAT52011M.do?wlfareInfoId=WLF00005023&wlfareInfoReldBztpCd=01,수집된 원문의 조건 검토; 최신공고·완전실행식·실제선정 정답 검증은 아님
217,WLF00006238,고령자 계속고용장려금,고용노동부 고령사회인력정책과,사업주,기관·사업주 지원 경로 중심,정년운영 AND 정년연장/폐지/재고용제도 AND 도입일·고령피보험비율조건,직접대응 없음,기관·기업 자료; 직역·사업장·경력·구직; 가입·이용·사건 이력; 정확한 기준시점·기간,개인 고령자가 직접 받는 급여로 매칭 금지,,요약구조화; 완전 실행식 미작성,,,,2026.0,False,사업주를 지원,https://www.bokjiro.go.kr/ssis-tbu/twataa/wlfareInfo/moveTWAT52011M.do?wlfareInfoId=WLF00006238&wlfareInfoReldBztpCd=01,수집된 원문의 조건 검토; 최신공고·완전실행식·실제선정 정답 검증은 아님
218,WLF00006236,고교 취업연계 장려금,교육부 직업교육정책과,학생·근로자,추가정보·세부조건 확인 필요,한국국적 AND 직업계/위탁교육고교졸업예정 AND 중소중견취업·주15시간·재직기간 AND NOT 제외기업/부모대표,현재 국적; 학교급·재학상태; 조사주간 경제활동·직업; 가구주관계·혼인·일부 자녀 응답,상세 학적·학업; 직역·사업장·경력·구직; 가입·이용·사건 이력; 가족·자녀·임신출산·양육; 정확한 기준시점·기간,학교재학·취업만으로 고용보험검증·특수관계 판정 불가,,요약구조화; 완전 실행식 미작성,,,,2026.0,False,고용보험 가입이력 정보로만,https://www.bokjiro.go.kr/ssis-tbu/twataa/wlfareInfo/moveTWAT52011M.do?wlfareInfoId=WLF00006236&wlfareInfoReldBztpCd=01,수집된 원문의 조건 검토; 최신공고·완전실행식·실제선정 정답 검증은 아님
219,WLF00006235,현장실습 기업현장 교육지원,교육부 직업교육정책과,본인·기업교사,추가정보·세부조건 확인 필요,동일기업사업장 실습지도담당 AND (실무1년 OR 학력훈련 OR 연구경력 OR 자격증),학교급·재학상태; 조사주간 경제활동·직업,직역·사업장·경력·구직; 가입·이용·사건 이력; 정확한 기준시점·기간,일반근로자와 현장교육 담당역할 구분,,요약구조화; 완전 실행식 미작성,,,,2026.0,False,기업현장교사,https://www.bokjiro.go.kr/ssis-tbu/twataa/wlfareInfo/moveTWAT52011M.do?wlfareInfoId=WLF00006235&wlfareInfoReldBztpCd=01,수집된 원문의 조건 검토; 최신공고·완전실행식·실제선정 정답 검증은 아님
220,WLF00000038,독립유공자 제수비 지급,국가보훈부 보훈문화정책과,본인·유족,추가정보·세부조건 확인 필요,독립유공수권유족 OR 협의된제사주관자 AND NOT 국적상실,현재 국적; 가구주관계·혼인·일부 자녀 응답,보훈·유족·수권; 가족·자녀·임신출산·양육; 가입·이용·사건 이력,유족권한·제사주관합의 미관측,,요약구조화; 완전 실행식 미작성,,,,2026.0,False,수권유족,https://www.bokjiro.go.kr/ssis-tbu/twataa/wlfareInfo/moveTWAT52011M.do?wlfareInfoId=WLF00000038&wlfareInfoReldBztpCd=01,수집된 원문의 조건 검토; 최신공고·완전실행식·실제선정 정답 검증은 아님
221,WLF00001172,취업취약계층 고용지원 사업,고용노동부 고용서비스정책과,본인,추가정보·세부조건 확인 필요,실업급여수급 OR 국민취업지원참여 OR 상담으로 의욕·기술향상필요 인정,조사주간 경제활동·직업,법정 급여·보호 자격; 가입·이용·사건 이력; 의료·피해·필요성·의사; 기관 판단·상세 공고,미취업자 전체와 법정실업급여수급·상담판정 구분,,요약구조화; 완전 실행식 미작성,,,,2026.0,False,상담을 거쳐,https://www.bokjiro.go.kr/ssis-tbu/twataa/wlfareInfo/moveTWAT52011M.do?wlfareInfoId=WLF00001172&wlfareInfoReldBztpCd=01,수집된 원문의 조건 검토; 최신공고·완전실행식·실제선정 정답 검증은 아님
222,WLF00001137,독립유공자 손자녀 가계지원비,국가보훈부 보훈문화정책과,본인·유족,추가정보·세부조건 확인 필요,광복후사망독립유공자 선순위자녀의자녀 중 지정1인·부양협의예외 AND NOT 보상금이력/국적상실,현재 국적; 가구주관계·혼인·일부 자녀 응답,보훈·유족·수권; 가족·자녀·임신출산·양육; 가입·이용·사건 이력; 정확한 기준시점·기간,손자녀나이가 많다는 상대순위를 개인연령하한으로 바꾸지 않음,,요약구조화; 완전 실행식 미작성,,,,2026.0,False,유족간의 협의,https://www.bokjiro.go.kr/ssis-tbu/twataa/wlfareInfo/moveTWAT52011M.do?wlfareInfoId=WLF00001137&wlfareInfoReldBztpCd=01,수집된 원문의 조건 검토; 최신공고·완전실행식·실제선정 정답 검증은 아님
223,WLF00001086,특별현금급여(가족요양비),보건복지부 요양보험제도과,본인,추가정보·세부조건 확인 필요,(65이상 OR 65미만노인성질병) AND 장기요양1~5등급 AND 도서/재난/감염·기피특례,연령; 지역; 장애인복지카드 소유 응답,의료·피해·필요성·의사; 장애 유형·정도·법정 판정; 가입·이용·사건 이력; 세부 주소·사업지역; 기관 판단·상세 공고,65세미만질병경로 보존; 도서벽지시도 대체 불가,,요약구조화; 완전 실행식 미작성,,,,2026.0,False,장기요양 1~5등급,https://www.bokjiro.go.kr/ssis-tbu/twataa/wlfareInfo/moveTWAT52011M.do?wlfareInfoId=WLF00001086&wlfareInfoReldBztpCd=01,수집된 원문의 조건 검토; 최신공고·완전실행식·실제선정 정답 검증은 아님
224,WLF00003183,장애인 표준사업장 설립지원,고용노동부 장애인고용과,사업주,기관·사업주 지원 경로 중심,표준사업장설립운영희망 AND NOT 직업재활시설 AND 심사선정,직접대응 없음,기관·기업 자료; 직역·사업장·경력·구직; 기관 판단·상세 공고,장애인본인 대상으로 혼동 금지,,요약구조화; 완전 실행식 미작성,,,,2026.0,False,사업주를 대상으로,https://www.bokjiro.go.kr/ssis-tbu/twataa/wlfareInfo/moveTWAT52011M.do?wlfareInfoId=WLF00003183&wlfareInfoReldBztpCd=01,수집된 원문의 조건 검토; 최신공고·완전실행식·실제선정 정답 검증은 아님
225,WLF00006228,푸른등대기부장학금,교육부 한국장학재단,학생,추가정보·세부조건 확인 필요,대상고등교육학교재학 AND 기부처별선발자격 AND NOT 제외대학유형,학교급·재학상태,상세 학적·학업; 기관 판단·상세 공고,기부처 상세요건 미수집이라 공통학생변수만으로 확정 불가,,요약구조화; 완전 실행식 미작성,,,,2026.0,False,기부처별,https://www.bokjiro.go.kr/ssis-tbu/twataa/wlfareInfo/moveTWAT52011M.do?wlfareInfoId=WLF00006228&wlfareInfoReldBztpCd=01,수집된 원문의 조건 검토; 최신공고·완전실행식·실제선정 정답 검증은 아님
226,WLF00001147,그 밖의 연장형 보육료 등 지원,교육부 교육보육과정지원과,자녀·가구,추가정보·세부조건 확인 필요,연장보육유형별 기존보육자격/연령/시설이용 AND 부모야간근로등 AND NOT 원장교사자녀,장애인복지카드 소유 응답; 가구주관계·혼인·일부 자녀 응답,가족·자녀·임신출산·양육; 법정 급여·보호 자격; 장애 유형·정도·법정 판정; 상세 학적·학업; 직역·사업장·경력·구직; 가입·이용·사건 이력; 정확한 기준시점·기간,야간연장·야간12시간·24시간 경로 분리; 취학예외 및8세/12세구분,,요약구조화; 완전 실행식 미작성,,,,2026.0,False,야간12시간 보육료,https://www.bokjiro.go.kr/ssis-tbu/twataa/wlfareInfo/moveTWAT52011M.do?wlfareInfoId=WLF00001147&wlfareInfoReldBztpCd=01,수집된 원문의 조건 검토; 최신공고·완전실행식·실제선정 정답 검증은 아님
227,WLF00003245,국민취업지원제도,고용노동부 국민취업지원기획팀,본인·가구,추가정보·세부조건 확인 필요,I:15~69구직·소득60%/재산4억(청년120%/5억) / II:I비해당·소득100%(청년소득무관),연령; 조사주간 경제활동·직업; 가구소득구간,직역·사업장·경력·구직; 정책 기준 소득; 재산·주택·채무·신용; 가입·이용·사건 이력; 기관 판단·상세 공고,고용상태는 구직의사·이력과 다름; I/II 경로 최대120% 통합 금지,,요약구조화; 완전 실행식 미작성,,,,2026.0,False,청년은 소득요건 없음,https://www.bokjiro.go.kr/ssis-tbu/twataa/wlfareInfo/moveTWAT52011M.do?wlfareInfoId=WLF00003245&wlfareInfoReldBztpCd=01,수집된 원문의 조건 검토; 최신공고·완전실행식·실제선정 정답 검증은 아님
228,WLF00003210,장애인기업 성장기반구축,중소벤처기업부 소상공인정책과,기업,기관·사업주 지원 경로 중심,장애인기업등록증 AND 계획·예산집행적정성평가,장애인복지카드 소유 응답,기관·기업 자료; 장애 유형·정도·법정 판정; 가입·이용·사건 이력; 기관 판단·상세 공고,장애카드소유 자영업자로 등록기업 추정 금지,,요약구조화; 완전 실행식 미작성,,,,2026.0,False,기업 등록증,https://www.bokjiro.go.kr/ssis-tbu/twataa/wlfareInfo/moveTWAT52011M.do?wlfareInfoId=WLF00003210&wlfareInfoReldBztpCd=01,수집된 원문의 조건 검토; 최신공고·완전실행식·실제선정 정답 검증은 아님
229,WLF00000807,입양숙려기간 모자지원사업,보건복지부 입양정책팀,산모,추가정보·세부조건 확인 필요,미혼/이혼 AND 출산전40일~후7일 AND 지원기간입양동의없음,성별; 가구주관계·혼인·일부 자녀 응답,가족·자녀·임신출산·양육; 가입·이용·사건 이력; 정확한 기준시점·기간,혼인상태 참고가능하나 출산일·동의이력 미관측,,요약구조화; 완전 실행식 미작성,,,,2026.0,False,전 40일 또는 후 7일,https://www.bokjiro.go.kr/ssis-tbu/twataa/wlfareInfo/moveTWAT52011M.do?wlfareInfoId=WLF00000807&wlfareInfoReldBztpCd=01,수집된 원문의 조건 검토; 최신공고·완전실행식·실제선정 정답 검증은 아님
230,WLF00000090,대학의 장애학생지원센터 운영 지원,교육부 평생학습정책과,대학,기관·사업주 지원 경로 중심,장애대학원생재학대학 AND 수요조사·신청적정성·예산심사,장애인복지카드 소유 응답,기관·기업 자료; 상세 학적·학업; 장애 유형·정도·법정 판정; 기관 판단·상세 공고,장애학생 개인에게 직접 주는 지원금으로 계산 금지,,요약구조화; 완전 실행식 미작성,,,,2026.0,False,대학을 지원,https://www.bokjiro.go.kr/ssis-tbu/twataa/wlfareInfo/moveTWAT52011M.do?wlfareInfoId=WLF00000090&wlfareInfoReldBztpCd=01,수집된 원문의 조건 검토; 최신공고·완전실행식·실제선정 정답 검증은 아님
231,WLF00003197,"국가장학금(Ⅰ, Ⅱ유형)",교육부 청년장학지원과,학생·가구,추가정보·세부조건 확인 필요,국적·대학·학자금9구간 AND 성적학점예외; II유형대학기준 / 다자녀국적3명·미혼·입학연령,현재 국적; 학교급·재학상태; 연령; 가구소득구간; 장애인복지카드 소유 응답; 가구주관계·혼인·일부 자녀 응답,상세 학적·학업; 정책 기준 소득; 가족·자녀·임신출산·양육; 장애 유형·정도·법정 판정; 법정 급여·보호 자격; 가입·이용·사건 이력; 기관 판단·상세 공고,입학당시연령을 현재연령으로 대체 금지; I·II·다자녀 경로분리,,요약구조화; 완전 실행식 미작성,,,,2026.0,False,입학 당시 만 39세,https://www.bokjiro.go.kr/ssis-tbu/twataa/wlfareInfo/moveTWAT52011M.do?wlfareInfoId=WLF00003197&wlfareInfoReldBztpCd=01,수집된 원문의 조건 검토; 최신공고·완전실행식·실제선정 정답 검증은 아님
232,WLF00001116,입양비용지원,보건복지부 입양정책팀,양육가정,추가정보·세부조건 확인 필요,법정입양기관 통한 국내입양절차 / 입양동의철회 비용경로,가구주관계·혼인·일부 자녀 응답,가족·자녀·임신출산·양육; 가입·이용·사건 이력; 기관 판단·상세 공고,입양완료와 철회 서로 다른 경로; 현행 법령버전 확인 필요,,요약구조화; 완전 실행식 미작성,,,,2026.0,False,입양동의를 철회,https://www.bokjiro.go.kr/ssis-tbu/twataa/wlfareInfo/moveTWAT52011M.do?wlfareInfoId=WLF00001116&wlfareInfoReldBztpCd=01,수집된 원문의 조건 검토; 최신공고·완전실행식·실제선정 정답 검증은 아님
233,WLF00001021,장애아동입양 양육보조금,보건복지부 입양정책팀,아동·가정,추가정보·세부조건 확인 필요,법정국내입양 AND 등록장애/입양당시질환/선천장애후발 AND 18세까지 또는 재학졸업예외,장애인복지카드 소유 응답; 가구주관계·혼인·일부 자녀 응답,가족·자녀·임신출산·양육; 장애 유형·정도·법정 판정; 의료·피해·필요성·의사; 가입·이용·사건 이력; 상세 학적·학업; 정확한 기준시점·기간,등록장애만 필수 아님; 휴학을 재학으로 포함 금지,,요약구조화; 완전 실행식 미작성,,,,2026.0,False,휴학생은 제외,https://www.bokjiro.go.kr/ssis-tbu/twataa/wlfareInfo/moveTWAT52011M.do?wlfareInfoId=WLF00001021&wlfareInfoReldBztpCd=01,수집된 원문의 조건 검토; 최신공고·완전실행식·실제선정 정답 검증은 아님
234,WLF00003235,입양아동 양육수당 지원,보건복지부 입양정책팀,아동·가정,추가정보·세부조건 확인 필요,법정국내입양 AND 18세도래월까지 AND NOT 민법입양/해외말소,가구주관계·혼인·일부 자녀 응답,가족·자녀·임신출산·양육; 가입·이용·사건 이력; 정확한 기준시점·기간,자녀유무는 입양법적경로를 설명하지 않음,,요약구조화; 완전 실행식 미작성,,,,2026.0,False,민법에 의한 입양아동,https://www.bokjiro.go.kr/ssis-tbu/twataa/wlfareInfo/moveTWAT52011M.do?wlfareInfoId=WLF00003235&wlfareInfoReldBztpCd=01,수집된 원문의 조건 검토; 최신공고·완전실행식·실제선정 정답 검증은 아님
235,WLF00001121,장애입양아동 의료비지원,보건복지부 입양정책팀,아동,추가정보·세부조건 확인 필요,장애입양양육보조금대상결정 AND 질환/장애·나이·재학지속조건,장애인복지카드 소유 응답; 가구주관계·혼인·일부 자녀 응답,가족·자녀·임신출산·양육; 장애 유형·정도·법정 판정; 의료·피해·필요성·의사; 법정 급여·보호 자격; 가입·이용·사건 이력; 상세 학적·학업; 정확한 기준시점·기간,장애입양급여 선정이력 없이는 의료비 자동승인 불가,,요약구조화; 완전 실행식 미작성,,,,2026.0,False,지급대상자로 결정된,https://www.bokjiro.go.kr/ssis-tbu/twataa/wlfareInfo/moveTWAT52011M.do?wlfareInfoId=WLF00001121&wlfareInfoReldBztpCd=01,수집된 원문의 조건 검토; 최신공고·완전실행식·실제선정 정답 검증은 아님
236,WLF00003209,독립유공자 (손)자녀 생활지원금,국가보훈부 보상정책과,본인·유족,추가정보·세부조건 확인 필요,독립유공자자녀손자녀 AND 보상금비수급 AND (수급차상위 OR 중위70% OR 해당기초연금가구),연령; 가구소득구간; 가구 규모·점유형태; 가구주관계·혼인·일부 자녀 응답,보훈·유족·수권; 가족·자녀·임신출산·양육; 법정 급여·보호 자격; 정책 기준 소득; 가입·이용·사건 이력,65세는 기초연금경로 조건일 뿐 전체하한 아님,,요약구조화; 완전 실행식 미작성,,,,2026.0,False,보상금을 받지 않는,https://www.bokjiro.go.kr/ssis-tbu/twataa/wlfareInfo/moveTWAT52011M.do?wlfareInfoId=WLF00003209&wlfareInfoReldBztpCd=01,수집된 원문의 조건 검토; 최신공고·완전실행식·실제선정 정답 검증은 아님
237,WLF00001157,지역자활센터 운영,보건복지부 자활정책과,기관,기관·사업주 지원 경로 중심,지역자활센터 수행능력·경험 있는 등록비영리법인단체,직접대응 없음,기관·기업 자료; 가입·이용·사건 이력; 기관 판단·상세 공고,자활참여 개인대상 급여와 구분,,요약구조화; 완전 실행식 미작성,,,,2026.0,False,비영리법인과 단체,https://www.bokjiro.go.kr/ssis-tbu/twataa/wlfareInfo/moveTWAT52011M.do?wlfareInfoId=WLF00001157&wlfareInfoReldBztpCd=01,수집된 원문의 조건 검토; 최신공고·완전실행식·실제선정 정답 검증은 아님
238,WLF00003212,납북피해자 지원,통일부 이산가족납북자과,가구,추가정보·세부조건 확인 필요,전후납북피해 AND 전세대무주택 AND 특별공급청약기간·지역공고조건,지역; 가구 규모·점유형태; 가구주관계·혼인·일부 자녀 응답,이주배경·체류·특별신분; 재산·주택·채무·신용; 가족·자녀·임신출산·양육; 가입·이용·사건 이력; 정확한 기준시점·기간; 세부 주소·사업지역; 기관 판단·상세 공고,탈북민과 납북피해자 구분,,요약구조화; 완전 실행식 미작성,,,,2026.0,False,납북피해자,https://www.bokjiro.go.kr/ssis-tbu/twataa/wlfareInfo/moveTWAT52011M.do?wlfareInfoId=WLF00003212&wlfareInfoReldBztpCd=01,수집된 원문의 조건 검토; 최신공고·완전실행식·실제선정 정답 검증은 아님
239,WLF00003263,WEE 클래스 상담지원,교육부 학생정서지원과,학생,추가정보·세부조건 확인 필요,초중고재학 AND 상담/교육활동필요,학교급·재학상태,의료·피해·필요성·의사,학생본인 대상이며 자녀보유필수 아님,,기존v3 부분실행식/안내식 있음,,,,2026.0,True,상담 및 교육활동이 필요한,https://www.bokjiro.go.kr/ssis-tbu/twataa/wlfareInfo/moveTWAT52011M.do?wlfareInfoId=WLF00003263&wlfareInfoReldBztpCd=01,수집된 원문의 조건 검토; 최신공고·완전실행식·실제선정 정답 검증은 아님
240,WLF00000075,여성기업종합지원센터운영,중소벤처기업부 중소기업제도과,기업·예비창업자,추가정보·세부조건 확인 필요,법정여성기업 OR 여성예비창업자,성별; 조사주간 경제활동·직업,기관·기업 자료; 직역·사업장·경력·구직; 의료·피해·필요성·의사,여성취업자·자영업자전체와 법정여성기업 구분,,요약구조화; 완전 실행식 미작성,,,,2026.0,False,여성기업 및 (예비)여성창업자,https://www.bokjiro.go.kr/ssis-tbu/twataa/wlfareInfo/moveTWAT52011M.do?wlfareInfoId=WLF00000075&wlfareInfoReldBztpCd=01,수집된 원문의 조건 검토; 최신공고·완전실행식·실제선정 정답 검증은 아님
241,WLF00000922,여성기업 판로지원,중소벤처기업부 중소기업제도과,기업·예비창업자,추가정보·세부조건 확인 필요,법정여성기업 OR 여성예비창업자,성별; 조사주간 경제활동·직업,기관·기업 자료; 직역·사업장·경력·구직; 의료·피해·필요성·의사,판로지원 사업별참여요건 추가필요; 성별만으로 기업자격 확정 금지,,요약구조화; 완전 실행식 미작성,,,,2026.0,False,여성기업 및 (예비)여성창업자,https://www.bokjiro.go.kr/ssis-tbu/twataa/wlfareInfo/moveTWAT52011M.do?wlfareInfoId=WLF00000922&wlfareInfoReldBztpCd=01,수집된 원문의 조건 검토; 최신공고·완전실행식·실제선정 정답 검증은 아님
242,WLF00000975,여성창업액셀러레이팅,중소벤처기업부 중소기업제도과,기업·예비창업자,추가정보·세부조건 확인 필요,법정여성기업 OR 여성예비창업자,성별; 조사주간 경제활동·직업,기관·기업 자료; 직역·사업장·경력·구직; 의료·피해·필요성·의사,창업희망·기업자격은 현재자영업과 다름,,요약구조화; 완전 실행식 미작성,,,,2026.0,False,여성기업 및 (예비)여성창업자,https://www.bokjiro.go.kr/ssis-tbu/twataa/wlfareInfo/moveTWAT52011M.do?wlfareInfoId=WLF00000975&wlfareInfoReldBztpCd=01,수집된 원문의 조건 검토; 최신공고·완전실행식·실제선정 정답 검증은 아님
243,WLF00004648,(산재근로자)케어센터지원,고용노동부 산재보상정책과,본인,추가정보·세부조건 확인 필요,센터별60이상산재장해/요양상태/진폐경로 또는60미만위원회예외 AND 부양·의료종합판정,연령; 장애인복지카드 소유 응답; 가구주관계·혼인·일부 자녀 응답,의료·피해·필요성·의사; 장애 유형·정도·법정 판정; 가입·이용·사건 이력; 가족·자녀·임신출산·양육; 기관 판단·상세 공고,전체정책 최소60세로 고정하지 않음,,요약구조화; 완전 실행식 미작성,,,,2026.0,False,60세 미만인 자도,https://www.bokjiro.go.kr/ssis-tbu/twataa/wlfareInfo/moveTWAT52011M.do?wlfareInfoId=WLF00004648&wlfareInfoReldBztpCd=01,수집된 원문의 조건 검토; 최신공고·완전실행식·실제선정 정답 검증은 아님
244,WLF00001085,산재근로자원직장복귀지원,고용노동부 산재보상정책과,사업주,기관·사업주 지원 경로 중심,산재1~12장해/의학소견근로자 원직장복귀 AND 고용유지6개월; 훈련·재활별기간요건,직접대응 없음,기관·기업 자료; 직역·사업장·경력·구직; 의료·피해·필요성·의사; 가입·이용·사건 이력; 정확한 기준시점·기간,근로자 질병·장애를 신청주체의 신분으로 코딩 금지,,요약구조화; 완전 실행식 미작성,,,,2026.0,False,사업주에게 지원,https://www.bokjiro.go.kr/ssis-tbu/twataa/wlfareInfo/moveTWAT52011M.do?wlfareInfoId=WLF00001085&wlfareInfoReldBztpCd=01,수집된 원문의 조건 검토; 최신공고·완전실행식·실제선정 정답 검증은 아님
245,WLF00003175,결혼이민자 통번역 서비스,성평등가족부 다문화가족과,본인·가족·기관,추가정보·세부조건 확인 필요,한국어어려움 결혼이민자가족 의사소통지원 / 다문화가족 지원개인기관,현재 국적; 가구주관계·혼인·일부 자녀 응답,이주배경·체류·특별신분; 가족·자녀·임신출산·양육; 의료·피해·필요성·의사; 직역·사업장·경력·구직; 기관·기업 자료,이용자가 반드시 외국국적일 필요 없음,,요약구조화; 완전 실행식 미작성,,,,2026.0,False,직·간접적으로 지원하는,https://www.bokjiro.go.kr/ssis-tbu/twataa/wlfareInfo/moveTWAT52011M.do?wlfareInfoId=WLF00003175&wlfareInfoReldBztpCd=01,수집된 원문의 조건 검토; 최신공고·완전실행식·실제선정 정답 검증은 아님
246,WLF00000055,통합문화이용권,문화체육관광부 문화정책과,본인·가구,추가정보·세부조건 확인 필요,6세이상출생연도기준 AND (수급 OR 법정차상위각유형),연령,법정 급여·보호 자격; 가입·이용·사건 이력; 정확한 기준시점·기간,교육급여학생과 나머지가구원 경로 구분; 가구소득낮음만으로 자격 대체 금지,,요약구조화; 완전 실행식 미작성,,,,2026.0,False,차상위초과자 제외,https://www.bokjiro.go.kr/ssis-tbu/twataa/wlfareInfo/moveTWAT52011M.do?wlfareInfoId=WLF00000055&wlfareInfoReldBztpCd=01,수집된 원문의 조건 검토; 최신공고·완전실행식·실제선정 정답 검증은 아님
247,WLF00003251,산림보호지원단,산림청 산림환경보호과,본인,추가정보·세부조건 확인 필요,18세이상 AND NOT 고교대학재학(야간/6개월장기휴학예외); 취약계층우선,연령; 학교급·재학상태; 조사주간 경제활동·직업,상세 학적·학업; 가입·이용·사건 이력; 정확한 기준시점·기간; 기관 판단·상세 공고,저소득·장애·장기실업은 우선조건; 취업제외로 자동변환 금지,,요약구조화; 완전 실행식 미작성,,,,2026.0,False,야간대학생,https://www.bokjiro.go.kr/ssis-tbu/twataa/wlfareInfo/moveTWAT52011M.do?wlfareInfoId=WLF00003251&wlfareInfoReldBztpCd=01,수집된 원문의 조건 검토; 최신공고·완전실행식·실제선정 정답 검증은 아님
248,WLF00001161,표준모자보건수첩 제공,보건복지부 출산정책과,본인·부모,추가정보·세부조건 확인 필요,임산부 OR 0~36개월영유아부모,가구주관계·혼인·일부 자녀 응답,가족·자녀·임신출산·양육; 정확한 기준시점·기간,자녀여부 문항은60세이상만 질문되어 전체부모 파악 불가,,요약구조화; 완전 실행식 미작성,,,,2026.0,False,0~36개월,https://www.bokjiro.go.kr/ssis-tbu/twataa/wlfareInfo/moveTWAT52011M.do?wlfareInfoId=WLF00001161&wlfareInfoReldBztpCd=01,수집된 원문의 조건 검토; 최신공고·완전실행식·실제선정 정답 검증은 아님
249,WLF00001107,지역아동센터 지원,보건복지부 아동보호자립과,기관·아동,추가정보·세부조건 확인 필요,센터교사지원 / 이용아동:초중등·계속이용고교·형제·학교밖·지자체예외 AND 돌봄필요,연령; 학교급·재학상태; 가구주관계·혼인·일부 자녀 응답,기관·기업 자료; 가족·자녀·임신출산·양육; 상세 학적·학업; 의료·피해·필요성·의사; 가입·이용·사건 이력; 기관 판단·상세 공고,저소득·한부모등은 우선돌봄; 일반아동경로 존재,,요약구조화; 완전 실행식 미작성,,,,2026.0,False,일반아동,https://www.bokjiro.go.kr/ssis-tbu/twataa/wlfareInfo/moveTWAT52011M.do?wlfareInfoId=WLF00001107&wlfareInfoReldBztpCd=01,수집된 원문의 조건 검토; 최신공고·완전실행식·실제선정 정답 검증은 아님
250,WLF00001138,"자활근로(기초, 차상위)",보건복지부 자활정책과,본인·가구,추가정보·세부조건 확인 필요,조건부수급/급여특례/일반수급/특례가구/차상위/시설수급 경로별 능력·희망·지자체판단,연령; 조사주간 경제활동·직업; 가구소득구간; 가구주관계·혼인·일부 자녀 응답,법정 급여·보호 자격; 의료·피해·필요성·의사; 가입·이용·사건 이력; 정책 기준 소득; 가족·자녀·임신출산·양육; 기관 판단·상세 공고,65세이상도 예외참여 가능; 수급차상위관측 없음,,요약구조화; 완전 실행식 미작성,,,,2026.0,False,만 65세 이상의 경우,https://www.bokjiro.go.kr/ssis-tbu/twataa/wlfareInfo/moveTWAT52011M.do?wlfareInfoId=WLF00001138&wlfareInfoReldBztpCd=01,수집된 원문의 조건 검토; 최신공고·완전실행식·실제선정 정답 검증은 아님
251,WLF00001156,재취업지원서비스 시행지원,고용노동부 고령사회인력정책과,사업주,기관·사업주 지원 경로 중심,재취업지원서비스제공사업주 AND 공모선정,직접대응 없음,기관·기업 자료; 직역·사업장·경력·구직; 기관 판단·상세 공고,재취업희망 개인에게 직접 주는 급여 아님,,요약구조화; 완전 실행식 미작성,,,,2026.0,False,선정되는 기업,https://www.bokjiro.go.kr/ssis-tbu/twataa/wlfareInfo/moveTWAT52011M.do?wlfareInfoId=WLF00001156&wlfareInfoReldBztpCd=01,수집된 원문의 조건 검토; 최신공고·완전실행식·실제선정 정답 검증은 아님
252,WLF00000842,보육교직원 인건비 지원,교육부 영유아재정과,어린이집·교직원,기관·사업주 지원 경로 중심,해당어린이집·취약보육기관의 보육교직원 인건비지원,직접대응 없음,기관·기업 자료; 직역·사업장·경력·구직; 가입·이용·사건 이력,보조금 신청기관과 임금수혜교직원 분리; 일반근로자와 매칭 금지,,요약구조화; 완전 실행식 미작성,,,,2026.0,False,보육교직원 인건비,https://www.bokjiro.go.kr/ssis-tbu/twataa/wlfareInfo/moveTWAT52011M.do?wlfareInfoId=WLF00000842&wlfareInfoReldBztpCd=01,수집된 원문의 조건 검토; 최신공고·완전실행식·실제선정 정답 검증은 아님
253,WLF00000838,고용보험 미적용자 출산급여 지원,고용노동부 고용문화개선정책과,본인,추가정보·세부조건 확인 필요,출산여성 AND 출산전18개월중3개월소득활동·현재활동 AND 고용보험미적용경로 AND 유형별증빙,성별; 조사주간 경제활동·직업; 가구주관계·혼인·일부 자녀 응답,가족·자녀·임신출산·양육; 직역·사업장·경력·구직; 가입·이용·사건 이력; 정책 기준 소득; 정확한 기준시점·기간,지난주경제활동으로 출산일의 고용·기간 대체 불가,,요약구조화; 완전 실행식 미작성,,,,2026.0,False,출산 전 18개월중 3개월,https://www.bokjiro.go.kr/ssis-tbu/twataa/wlfareInfo/moveTWAT52011M.do?wlfareInfoId=WLF00000838&wlfareInfoReldBztpCd=01,수집된 원문의 조건 검토; 최신공고·완전실행식·실제선정 정답 검증은 아님
254,WLF00000030,육아종합지원서비스 제공,교육부 영유아정책총괄과,영유아·보호자·교직원,추가정보·세부조건 확인 필요,육아센터이용 영유아 OR 보호자 OR 보육교직원,가구주관계·혼인·일부 자녀 응답,가족·자녀·임신출산·양육; 직역·사업장·경력·구직; 의료·피해·필요성·의사,자녀가 없어도 교직원경로 가능; 본인나이의 영유아태그 사용 금지,,요약구조화; 완전 실행식 미작성,,,,2026.0,False,어린이집 보육교직원,https://www.bokjiro.go.kr/ssis-tbu/twataa/wlfareInfo/moveTWAT52011M.do?wlfareInfoId=WLF00000030&wlfareInfoReldBztpCd=01,수집된 원문의 조건 검토; 최신공고·완전실행식·실제선정 정답 검증은 아님
255,WLF00003224,출산육아기 고용안정장려금,고용노동부 고용문화개선정책과,사업주,기관·사업주 지원 경로 중심,우선지원기업 AND 육아휴직/단축30일허용 또는 대상휴가30일·업무분담자지정,직접대응 없음,기관·기업 자료; 직역·사업장·경력·구직; 가입·이용·사건 이력; 정확한 기준시점·기간,출산여성 직접급여와 구분,,요약구조화; 완전 실행식 미작성,,,,2026.0,False,우선지원대상기업 사업주,https://www.bokjiro.go.kr/ssis-tbu/twataa/wlfareInfo/moveTWAT52011M.do?wlfareInfoId=WLF00003224&wlfareInfoReldBztpCd=01,수집된 원문의 조건 검토; 최신공고·완전실행식·실제선정 정답 검증은 아님
256,WLF00000048,국가유공자등대부지원,국가보훈부 생활안정과,본인·가족,추가정보·세부조건 확인 필요,지정보훈·수권유족 AND 주택/농토/사업/생활안정 등 대부목적별요건,가구소득구간; 가구 규모·점유형태; 조사주간 경제활동·직업; 가구주관계·혼인·일부 자녀 응답,보훈·유족·수권; 가족·자녀·임신출산·양육; 재산·주택·채무·신용; 직역·사업장·경력·구직; 가입·이용·사건 이력; 기관 판단·상세 공고,가족농업·동거1년 조건은 해당대부경로에만 적용,,요약구조화; 완전 실행식 미작성,,,,2026.0,False,대부종류별 지원요건,https://www.bokjiro.go.kr/ssis-tbu/twataa/wlfareInfo/moveTWAT52011M.do?wlfareInfoId=WLF00000048&wlfareInfoReldBztpCd=01,수집된 원문의 조건 검토; 최신공고·완전실행식·실제선정 정답 검증은 아님
257,WLF00003193,제대군인 대부지원,국가보훈부 제대군인일자리과,본인·가족,추가정보·세부조건 확인 필요,10년이상복무전역 AND 대부종류별목적·주택/영농/학업조건 AND 중복·상환건수제외,학교급·재학상태; 조사주간 경제활동·직업; 가구 규모·점유형태; 가구주관계·혼인·일부 자녀 응답,직역·사업장·경력·구직; 가입·이용·사건 이력; 정확한 기준시점·기간; 재산·주택·채무·신용; 가족·자녀·임신출산·양육; 기관 판단·상세 공고,군인직업 현재응답으로 전역이력 확인 불가,,요약구조화; 완전 실행식 미작성,,,,2026.0,False,대부제외자는,https://www.bokjiro.go.kr/ssis-tbu/twataa/wlfareInfo/moveTWAT52011M.do?wlfareInfoId=WLF00003193&wlfareInfoReldBztpCd=01,수집된 원문의 조건 검토; 최신공고·완전실행식·실제선정 정답 검증은 아님
258,WLF00003272,의사상자지원,보건복지부 사회서비스자원과,본인·유족,추가정보·세부조건 확인 필요,직무외위험구조 중 사망부상 AND NOT 배제사유 AND 위원회인정; 급여별본인/유족/자녀/장제자,연령; 가구주관계·혼인·일부 자녀 응답,의료·피해·필요성·의사; 가족·자녀·임신출산·양육; 가입·이용·사건 이력; 기관 판단·상세 공고,보훈·장애 단순변수와 다른 법정의사상자 인정,,요약구조화; 완전 실행식 미작성,,,,2026.0,False,의사상자심사위원회,https://www.bokjiro.go.kr/ssis-tbu/twataa/wlfareInfo/moveTWAT52011M.do?wlfareInfoId=WLF00003272&wlfareInfoReldBztpCd=01,수집된 원문의 조건 검토; 최신공고·완전실행식·실제선정 정답 검증은 아님
259,WLF00001132,생계급여(맞춤형 급여),보건복지부 기초생활보장과,보장가구,추가정보·세부조건 확인 필요,소득인정액32%이하 AND 생계급여결정 AND 부양의무자고소득재산제외 AND NOT 타생계중복,가구소득구간; 가구 규모·점유형태; 가구주관계·혼인·일부 자녀 응답,정책 기준 소득; 재산·주택·채무·신용; 가족·자녀·임신출산·양육; 법정 급여·보호 자격; 가입·이용·사건 이력; 기관 판단·상세 공고,수급자격 산정과 지급대상 설명 구분; 월소득구간만으로 선정 불가,,요약구조화; 완전 실행식 미작성,,,,2026.0,False,소득인정액,https://www.bokjiro.go.kr/ssis-tbu/twataa/wlfareInfo/moveTWAT52011M.do?wlfareInfoId=WLF00001132&wlfareInfoReldBztpCd=01,수집된 원문의 조건 검토; 최신공고·완전실행식·실제선정 정답 검증은 아님
260,WLF00003226,"모성보호육아지원(출산전후휴가(유산ㆍ사산휴가 포함) 급여, 육아휴직등 급여)",고용노동부 고용문화개선정책과,본인·배우자·자녀,추가정보·세부조건 확인 필요,휴가종류별 근로/예술인노무제공 AND 보험180일/3개월 AND 휴가30일등 AND 신청기간; 부부동시육아특례,조사주간 경제활동·직업; 성별; 가구주관계·혼인·일부 자녀 응답,직역·사업장·경력·구직; 가입·이용·사건 이력; 가족·자녀·임신출산·양육; 정확한 기준시점·기간,출산·배우자휴가·난임·육아휴직을 모두AND로 합치지 않음,,요약구조화; 완전 실행식 미작성,,,,2026.0,False,예술인/노무제공자,https://www.bokjiro.go.kr/ssis-tbu/twataa/wlfareInfo/moveTWAT52011M.do?wlfareInfoId=WLF00003226&wlfareInfoReldBztpCd=01,수집된 원문의 조건 검토; 최신공고·완전실행식·실제선정 정답 검증은 아님
261,WLF00001071,우수학생 국가장학금 지원,과학기술정보통신부 미래인재양성과,학생,추가정보·세부조건 확인 필요,장학유형별 이공계학과·학년·전일제 AND 성적학점/연구평가·선발,학교급·재학상태,상세 학적·학업; 가입·이용·사건 이력; 기관 판단·상세 공고; 정확한 기준시점·기간,원문2024선발기준 잔존; 최신연도와 혼용해 자동선발 금지,2024년 선발 학년·성적기준이 남아 있어 현재 적용연도 공고와 대조 필요.,요약구조화; 완전 실행식 미작성,,,,2026.0,False,23~'24년,https://www.bokjiro.go.kr/ssis-tbu/twataa/wlfareInfo/moveTWAT52011M.do?wlfareInfoId=WLF00001071&wlfareInfoReldBztpCd=01,수집된 원문의 조건 검토; 최신공고·완전실행식·실제선정 정답 검증은 아님
262,WLF00000095,사회보험사각지대해소 사업(두루누리 사회보험료 지원사업),고용노동부 고용지원실업급여과,본인·사업주,추가정보·세부조건 확인 필요,직역별 사업장규모 AND 월보수270만원미만 AND 개인재산6억/종합소득4300만원미만 AND 보험납부·사업주신청,조사주간 경제활동·직업; 가구소득구간,직역·사업장·경력·구직; 기관·기업 자료; 정책 기준 소득; 재산·주택·채무·신용; 가입·이용·사건 이력; 정확한 기준시점·기간,근로자와 예술인/노무제공자의10인이상경로 다름,,요약구조화; 완전 실행식 미작성,,,,2026.0,False,사업주의 신청,https://www.bokjiro.go.kr/ssis-tbu/twataa/wlfareInfo/moveTWAT52011M.do?wlfareInfoId=WLF00000095&wlfareInfoReldBztpCd=01,수집된 원문의 조건 검토; 최신공고·완전실행식·실제선정 정답 검증은 아님
263,WLF00001073,장기복무제대군인수업료지원,국가보훈부 제대군인일자리과,본인·자녀,추가정보·세부조건 확인 필요,10년복무전역등록 AND (본인전역3년내대학 OR 생활수준선정가구의 고교자녀),학교급·재학상태; 가구주관계·혼인·일부 자녀 응답,직역·사업장·경력·구직; 보훈·유족·수권; 가입·이용·사건 이력; 가족·자녀·임신출산·양육; 정책 기준 소득; 정확한 기준시점·기간,본인재학과 자녀재학을 별도경로로 보존,,요약구조화; 완전 실행식 미작성,,,,2026.0,False,본인교육지원,https://www.bokjiro.go.kr/ssis-tbu/twataa/wlfareInfo/moveTWAT52011M.do?wlfareInfoId=WLF00001073&wlfareInfoReldBztpCd=01,수집된 원문의 조건 검토; 최신공고·완전실행식·실제선정 정답 검증은 아님
264,WLF00001112,긴급복지 교육지원,보건복지부 기초생활보장과,학생·가구,추가정보·세부조건 확인 필요,긴급생계/주거/시설지원대상 AND 초중고입학재학 AND 교육비필요인정 AND NOT 타교육중복; 위기사유·소득75%·재산,학교급·재학상태; 가구소득구간; 지역; 가구주관계·혼인·일부 자녀 응답,법정 급여·보호 자격; 의료·피해·필요성·의사; 가족·자녀·임신출산·양육; 정책 기준 소득; 재산·주택·채무·신용; 가입·이용·사건 이력; 기관 판단·상세 공고,위기사유가 없는 저소득학생을 자동승인 금지,,요약구조화; 완전 실행식 미작성,,,,2026.0,False,학비 지원이 필요,https://www.bokjiro.go.kr/ssis-tbu/twataa/wlfareInfo/moveTWAT52011M.do?wlfareInfoId=WLF00001112&wlfareInfoReldBztpCd=01,수집된 원문의 조건 검토; 최신공고·완전실행식·실제선정 정답 검증은 아님
265,WLF00003178,긴급복지 해산비지원,보건복지부 기초생활보장과,본인·가구,추가정보·세부조건 확인 필요,긴급주지원대상가구 AND 출산/예정 AND 위기사유·소득75%·재산,가구주관계·혼인·일부 자녀 응답,법정 급여·보호 자격; 의료·피해·필요성·의사; 가족·자녀·임신출산·양육; 정책 기준 소득; 재산·주택·채무·신용; 가입·이용·사건 이력; 기관 판단·상세 공고; 정확한 기준시점·기간,모든저소득 임산부가 아니라 긴급지원자격 필요,,요약구조화; 완전 실행식 미작성,,,,2026.0,False,출산 예정도 포함,https://www.bokjiro.go.kr/ssis-tbu/twataa/wlfareInfo/moveTWAT52011M.do?wlfareInfoId=WLF00003178&wlfareInfoReldBztpCd=01,수집된 원문의 조건 검토; 최신공고·완전실행식·실제선정 정답 검증은 아님
266,WLF00001183,다문화보육료지원,교육부 영유아재정과,자녀·가구,추가정보·세부조건 확인 필요,다문화가족 미취학0~5세 AND 부모국적결합/동일세대예외 AND NOT 결혼이민제외사유,가구주관계·혼인·일부 자녀 응답,이주배경·체류·특별신분; 가족·자녀·임신출산·양육; 상세 학적·학업; 가입·이용·사건 이력; 정확한 기준시점·기간,2026본문에2014취학유예 출생연도 잔존; 최신공고와 대조 전 잠금,2026년 지원내용과2014년생 취학유예 사례가 함께 기재되어 출생연도 갱신 확인 필요.,요약구조화; 완전 실행식 미작성,2026 일반보육 연령표의 취학유예 대상은2019년생으로 제시된다. 다문화보육은 어린이집 이용 조건도 필요하다. 원문2014년생 사례를2026년 확정조건으로 사용하지 않는다.,찾기쉬운 생활법령정보 2026 보육사업안내 인용,https://easylaw.go.kr/CSP/CnpClsMain.laf?ccfNo=2&cciNo=3&cnpClsNo=1&csmSeq=626&popMenu=ov,2026.0,False,2014.1.1~12.31일생,https://www.bokjiro.go.kr/ssis-tbu/twataa/wlfareInfo/moveTWAT52011M.do?wlfareInfoId=WLF00001183&wlfareInfoReldBztpCd=01,수집된 원문의 조건 검토; 최신공고·완전실행식·실제선정 정답 검증은 아님
267,WLF00003248,재가급여,보건복지부 요양보험제도과,본인,추가정보·세부조건 확인 필요,(65이상 OR 65미만노인성질병) AND 보험/의료급여 AND 장기요양1~5또는인지지원등급,연령,의료·피해·필요성·의사; 법정 급여·보호 자격; 가입·이용·사건 이력; 기관 판단·상세 공고,소득무관; 활동제약·나이만으로 요양등급 추정 금지,,요약구조화; 완전 실행식 미작성,,,,2026.0,False,장기요양인정 점수,https://www.bokjiro.go.kr/ssis-tbu/twataa/wlfareInfo/moveTWAT52011M.do?wlfareInfoId=WLF00003248&wlfareInfoReldBztpCd=01,수집된 원문의 조건 검토; 최신공고·완전실행식·실제선정 정답 검증은 아님
268,WLF00003194,시설급여,보건복지부 요양보험제도과,본인,추가정보·세부조건 확인 필요,(65이상 OR 65미만노인성질병) AND 보험/의료급여 AND (장기요양1~2 OR 3~5시설필요위원회),연령; 가구주관계·혼인·일부 자녀 응답,의료·피해·필요성·의사; 법정 급여·보호 자격; 가입·이용·사건 이력; 가족·자녀·임신출산·양육; 기관 판단·상세 공고,재가급여와 시설급여 등급예외 다름,,요약구조화; 완전 실행식 미작성,,,,2026.0,False,등급판정위원회,https://www.bokjiro.go.kr/ssis-tbu/twataa/wlfareInfo/moveTWAT52011M.do?wlfareInfoId=WLF00003194&wlfareInfoReldBztpCd=01,수집된 원문의 조건 검토; 최신공고·완전실행식·실제선정 정답 검증은 아님
269,WLF00001119,차상위본인부담경감대상자지원,보건복지부 보험정책과,본인·기준세대,추가정보·세부조건 확인 필요,(지정질환 OR 만성6개월 OR 18미만/학생20미만예외) AND 인정액50% AND 부양요건,연령; 학교급·재학상태; 가구소득구간; 가구주관계·혼인·일부 자녀 응답,의료·피해·필요성·의사; 정책 기준 소득; 재산·주택·채무·신용; 가족·자녀·임신출산·양육; 가입·이용·사건 이력; 정확한 기준시점·기간,질병경로에 아동상한을 적용 금지; 기준세대와 조사세대 구분,,요약구조화; 완전 실행식 미작성,,,,2026.0,False,부양의무자기준,https://www.bokjiro.go.kr/ssis-tbu/twataa/wlfareInfo/moveTWAT52011M.do?wlfareInfoId=WLF00001119&wlfareInfoReldBztpCd=01,수집된 원문의 조건 검토; 최신공고·완전실행식·실제선정 정답 검증은 아님
270,WLF00001063,주거안정 월세대출,국토교통부 주택기금과,가구·주택,추가정보·세부조건 확인 필요,무주택세대주·순자산3.45억 AND (우대자격 OR 부부연소득5000만원) AND 주택면적·보증금1억·월세60만원,가구 규모·점유형태; 가구소득구간; 조사주간 경제활동·직업; 지역; 가구주관계·혼인·일부 자녀 응답,재산·주택·채무·신용; 정책 기준 소득; 가족·자녀·임신출산·양육; 법정 급여·보호 자격; 직역·사업장·경력·구직; 가입·이용·사건 이력; 세부 주소·사업지역,일반형소득5000만원을 모든우대경로에 동일강제하지 않음,,요약구조화; 완전 실행식 미작성,,,,2026.0,False,우대형 外,https://www.bokjiro.go.kr/ssis-tbu/twataa/wlfareInfo/moveTWAT52011M.do?wlfareInfoId=WLF00001063&wlfareInfoReldBztpCd=01,수집된 원문의 조건 검토; 최신공고·완전실행식·실제선정 정답 검증은 아님
271,WLF00003222,버팀목전세자금대출,국토교통부 주택기금과,가구,추가정보·세부조건 확인 필요,무주택세대주 AND 순자산3.45억 AND 일반/2자녀/신혼/출산별부부합산연소득,가구 규모·점유형태; 가구소득구간; 가구주관계·혼인·일부 자녀 응답,재산·주택·채무·신용; 정책 기준 소득; 가족·자녀·임신출산·양육; 가입·이용·사건 이력,소득상한5000/6000/7500만원·1.3억/2억원은 경로별,,요약구조화; 완전 실행식 미작성,,,,2026.0,False,순자산가액 3.45억원,https://www.bokjiro.go.kr/ssis-tbu/twataa/wlfareInfo/moveTWAT52011M.do?wlfareInfoId=WLF00003222&wlfareInfoReldBztpCd=01,수집된 원문의 조건 검토; 최신공고·완전실행식·실제선정 정답 검증은 아님
272,WLF00000037,시간제보육 지원,교육부 영유아정책총괄과,영아,추가정보·세부조건 확인 필요,6개월이상~반별상한 AND NOT 어린이집유치원이용 AND 부모급여현금/양육수당수급,가구주관계·혼인·일부 자녀 응답,가족·자녀·임신출산·양육; 상세 학적·학업; 법정 급여·보호 자격; 가입·이용·사건 이력; 정확한 기준시점·기간,기존급여수급유형·출생연도·기관이용 필요,,요약구조화; 완전 실행식 미작성,,,,2026.0,False,부모급여(현금),https://www.bokjiro.go.kr/ssis-tbu/twataa/wlfareInfo/moveTWAT52011M.do?wlfareInfoId=WLF00000037&wlfareInfoReldBztpCd=01,수집된 원문의 조건 검토; 최신공고·완전실행식·실제선정 정답 검증은 아님
273,WLF00001100,큰글자책 보급 지원,문화체육관광부 도서관정책기획단,도서관이용자,추가정보·세부조건 확인 필요,고령/저시력등 공공도서관이용자 대상 큰글자책·연계프로그램 안내,연령,의료·피해·필요성·의사; 가입·이용·사건 이력; 세부 주소·사업지역; 기관 판단·상세 공고,특정질병등록 의무는 없음; 구체이용·제공도서관 범위 별도,,요약구조화; 완전 실행식 미작성,,,,2026.0,False,공공도서관 이용자,https://www.bokjiro.go.kr/ssis-tbu/twataa/wlfareInfo/moveTWAT52011M.do?wlfareInfoId=WLF00001100&wlfareInfoReldBztpCd=01,수집된 원문의 조건 검토; 최신공고·완전실행식·실제선정 정답 검증은 아님
274,WLF00005004,치매검사비 지원,보건복지부 노인건강과,본인,추가정보·세부조건 확인 필요,협약병원검사필요 AND 검사종류별60세/초로기예외·소득120%·입원조정 / 센터직접진단은 소득무관,연령; 가구소득구간,의료·피해·필요성·의사; 정책 기준 소득; 가입·이용·사건 이력; 기관 판단·상세 공고,진단·감별·센터경로별조건; 연령60과소득120%를 전체에 강제 금지,,요약구조화; 완전 실행식 미작성,,,,2026.0,False,소득판정 없이 무료검사,https://www.bokjiro.go.kr/ssis-tbu/twataa/wlfareInfo/moveTWAT52011M.do?wlfareInfoId=WLF00005004&wlfareInfoReldBztpCd=01,수집된 원문의 조건 검토; 최신공고·완전실행식·실제선정 정답 검증은 아님
275,WLF00005024,장애인 자립지원 시범사업,보건복지부 장애인정책과,본인·시설,추가정보·세부조건 확인 필요,장애인 AND 자립희망·거주시설/재가상태 AND 시범지역·위원회선정,지역; 장애인복지카드 소유 응답,장애 유형·정도·법정 판정; 의료·피해·필요성·의사; 가입·이용·사건 이력; 세부 주소·사업지역; 기관 판단·상세 공고,장애카드소유만으로 자립의사·선정·참여지자체 확인 불가,,요약구조화; 완전 실행식 미작성,,,,2026.0,False,자립지원위원회,https://www.bokjiro.go.kr/ssis-tbu/twataa/wlfareInfo/moveTWAT52011M.do?wlfareInfoId=WLF00005024&wlfareInfoReldBztpCd=01,수집된 원문의 조건 검토; 최신공고·완전실행식·실제선정 정답 검증은 아님
